AACOAT,0.0023920609500000032
AACTOOR,0.0
ABTD,0.0
ACACT1r,-0.0023920609500000037
ACACT1rm,0.0
ACALDtm,0.0
ACETONEt2m,0.0
ACGAM2E,0.0
ACGAMK,0.0
ACGAMPM,0.0
ACGAMtly,0.0
ACITL,0.0
ACNAM9PL,0.0
ACNAM9PL2,0.0
ACNAMPH,0.0
ACNAMtn,0.0
ACOAD1fm,0.0
ACONT,-0.002353208390000091
ACONTm,0.0037894154
ACS,0.0
ACSm,0.0
ACTLMO,0.0
ACTNMO,0.0
ACYP,0.0
ADCim,0.0
ADK1,0.001039081050000004
ADNtm,0.0
AGDC,0.0
AKGDm,0.006080188200000003
AKGMALtm,-0.0018960419433332576
ALCD21_D,0.0147575814
ALCD21_L,0.012500423
ALCD22_L,0.012500423
ALDD2x,0.0
ALDD2xm,0.0
ALDD2y,0.0
ALR2,0.012500423
ALR3,0.012500423
AMANK,0.0
APAT2rm,0.0
ASPGLUm,0.0029302983
ASPTA,-0.0011461140999999985
ASPTAm,-0.0029494291
ATPS4m,0.22324969683333304
C3STDH1r,0.0
CDIPTr,0.00023314999999999968
CMPACNAtn,0.0
CMPSAS,0.0
CMPSASn,0.0
CO2tm,0.0
CSm,0.001436207009999909
DASCBR,0.001739502599999998
DGSNtm,0.0
DGULND,0.0
DNDPt34m,0.0006656161999999999
DNDPt9m,0.0006656161999999999
DOPABMO,0.0
DPGase,0.0
DPGM,0.0
DRBK,0.0
DRPA,0.0
ENO,0.05504309210000001
FBA,0.02050169378000008
FBA2,0.0
FBP26,0.0
FUM,0.001263483950000019
FUMm,0.0108531031
G3PD2m,0.0
G6PDA,0.003449008199999995
G6PDH2r,0.008208543799999999
G6PPer,0.0
G6Pter,0.000654583
GALT,-0.0017238598
GAPD,0.056949930400000015
GF6PTA,0.0034490082
GFUCS,0.0
GGNG,0.0
GLBRAN,0.0
GLCter,0.0
GLCURter,0.0
GLDBRAN,0.0
GLGNS1,0.0
GLPASE1,0.0
GLPASE2,0.0
GLUt2m,0.0006927038966668062
GLUt7l,0.0
GLXO1,0.0
GLXtp,0.0
GLYCK2,0.0
GLYCLTDy,0.0
GLYCLTtp,0.0
GLYCTO1p,0.0
GLYOp,0.0
GLYOX,0.0
GLYtm,0.0
GLYtp,0.0
GMAND,0.0
GNDc,0.008208543799999999
GNDer,0.0010218875000000006
GTHDH,0.0
GULN3D,0.0
GULNDer,0.0
GULNter,0.0
H2Otly,0.0
HEX1,0.0005013036
HEX7,0.00235066949333349
HPYRRy,0.0
ICDHxm,0.0
ICDHy,0.006468881253333173
ICDHyp,0.0
ICDHyrm,-0.02622458424333326
ITCOAL1m,0.0
ITCOALm,0.0
KDNH,0.0
KHK,0.0
L_LACDcm,0.018796343533333315
LALDO,-0.016071379099999998
LALDO2x,0.021640586800000014
LCADi,0.0
LCADi_D,0.0
LDH_D,0.0
LDH_L,-0.02280386193000017
LDH_Lm,0.0037813706000000002
LGTHL,0.016071379099999998
MAN6PI,0.0
MCITS,0.0
MDH,0.001146114099999998
MDHm,0.007532357009999907
ME1m,0.001174874
ME2,0.0007580982400001062
ME2m,0.0015051437
MECOALm,0.0
MECOAS1m,0.0
MGSA,0.0
MI13456PK,0.0
MI13456Ptn,0.0
MI1345PP,0.0
MI134PP,0.0
MI145PK,0.0
MI145PP,0.0
MI14P4P,0.0
MI14PP,0.0
MI1PP,0.0
MI1PS,0.0
MI34PP,0.0
MI3PP,0.0
MI4PP,0.0
MMSAD3m,0.004982566950000001
NDPK1m,0.0172321497
NH4tn,0.0
O2ter,0.0018360900000000402
OIVD1m,0.0010733952000000003
ORNTArm,-6.97007999999992e-05
PCm,0.0
PDHm,0.03077725960999987
PEPCKm,0.0031467209000000003
PFK,0.005161702
PFK26,0.0
PGI,0.012168457919999928
PGK,-0.05694993040000001
PGL,0.008208543799999999
PGLer,0.0010218875000000001
PGM,-0.05504309210000001
PGMT,0.0
PI345P3P,0.0
PI345P5P,0.0
PI34P5K,0.0
PI3P4K,0.0
PI45P3K,0.0
PI45P5P,0.0
PI45PLC,0.0
PI4P3K,0.0
PI4P5K,0.0
PI4PLC,0.0
PI5P4K,0.0
PIK3,0.0
PIK4,0.0
PIK5,0.0
PIPLC,0.0
PIt2m,0.17144523513333312
PMANM,0.0
PMI12346PH,0.0
PMI12346PHn,0.0
PMI1346PH,0.0
PMI1346PHn,0.0
PPCOACm,0.0
PPCOAOm,0.0013990627500000013
PPDOy,0.012500423
PPM,-0.0022784100000000007
PRPPS,0.0
PYK,0.05818981300000001
PYRt2m,0.025183850709999865
r0081,0.0003835084
RDH1a,0.010250054299999999
RDH2a,0.010250054299999999
RDH3a,0.010250054299999999
RPE,0.004634680866666672
RPI,-0.0045957504333333276
SBTD_D2,0.010506847193333493
SBTR,0.010506847193333493
SCP22x,0.0015143492000000008
SERHL,0.0
SPHMYLNtg,0.0
SUCD1m,0.0100744384
SUCOAS1m,0.0090641716
SUCOASm,-0.01913861
TALA,-0.004490951766666668
THFtm,-0.002212709700000008
TKT1,0.002317340433333332
TKT2,0.00231734043333334
TMDK1m,0.0
TPI,0.027322603986666555
UAGDP,0.0
UDPG4E,0.0
UDPGALtg,0.0
UDPGD,0.0
UDPGP,0.0
UGALGTg,0.0
UGLT,0.0017238598
UMPK7,-0.021882080099999982
VD3,0.0
VITD3Hm,0.0
XYLK,0.0
XYLUR,0.0
DESAT18_4,0.0
DESAT18_7,0.0
FAOXC1811602m,0.0
LNLCCPT1,0.0
10FTHF5GLUtm,0.0
10FTHF7GLUtl,0.0
10FTHF7GLUtm,0.0
10FTHFtl,0.0
10FTHFtm,0.0
13DAMPPOX,0.0
1PPDCRp,0.0
25HVITD3tm,0.0
2AMACSULT,0.0
2DR1PP,0.0
2OXOADOXm,0.000570196299999999
2OXOADPTm,0.0
34DHOXPEGOX,0.0
34HPLFM,0.0
34HPPOR,0.00024577865000003155
35CGMPtn,0.0
3AIBtm,0.0002072809
3AIBTm,0.0002072809
3DPHBH2,0.0
3DSPHR,0.0001748599999999989
3HBCOAHLm,0.0
3HKYNAKGAT,0.0
3HLYTCL,0.0
3MOBt2im,0.0
3MOPt2im,0.0034224179500000045
3SALAASPm,-4.0388599999999913e-05
3SALACBOXL,0.0
3SALATAi,0.0
3SALATAim,4.0388599999999913e-05
3SPYRSP,0.0
3SPYRSPm,4.0388599999999913e-05
41R1H2MAE12BOOX,0.0
41R2A1H12BOOX,0.0
4ABUTtm,0.0
4HBZCOAFm,0.0
4HBZFm,0.0
4MOPt2im,0.0
5ADTSTSTERONEGLCtr,0.0
5AOPtm,0.0
5HOXINDACTO2OX,0.005402065499999989
6HTSTSTERONEtr,0.0
7DHCHSTEROLtr,0.0
7DHFtl,0.0
7DHFtm,0.0
7THFtl,0.0
7THFtm,0.0
A4GALTg,0.0
AACTtm,0.0
AASAD3m,0.0
AATAi,0.0
ABTArm,0.0
ABUTD,0.0
ACACT10m,0.004982566950000003
ACACt2m,0.0
ACACT4p,0.0
ACACT5p,0.0
ACACT6p,0.0
ACACT7p,0.0
ACACtx,-0.002146282299999972
ACALDtr,0.0
ACCOAC,0.0012764642
ACCOACm,0.038301115799999966
ACCOAgt,0.0
ACCOAtr,0.0
ACGAGBSIDEtg,0.0
ACGAGBSIDEtl,0.0
ACGAM6PSi,0.0
ACN23ACNGALGBSIDEtg,0.0
ACNACNGAL14ACGLCGALGLUSIDEtg,0.0
ACNAMlt,0.0
ACNGALACGLCGAL14ACGLCGALGLUSIDEtg,0.0
ACNMLr,0.0
ACOAD10m,0.001399062750000004
ACOAD8m,0.0
ACOAD9m,0.0004101140000000009
ACOAO7p,0.0
ACOATA,0.0
ACOX22x,0.0
ACOX2x,0.0
ACRNtm,0.0
ACt2m,0.0
ADA,0.0
ADK1m,0.0
ADK3,0.0024812399
ADK3m,0.0
ADKd,0.0
ADMDC,0.0
ADNCYC,0.0
ADNK1,0.0
ADNK1m,0.0
ADNK3,0.0
ADNK4,0.0
ADPRDP,0.0
ADPT,0.0
ADPtx,0.0
ADRNCOAtx,0.0
ADSK,0.0
ADSL1,0.0006681099999999982
ADSL2,0.0011282599999999912
ADSS,0.0006681099999999978
AG13T16g,0.0
AG13T18g,0.0
AG13T1g,0.0
AG13T3g,0.0
AGMTm,6.970080000000002e-05
AGPAT1,0.0026521099999999988
AHC,0.0
AHCYStr,0.0
AICART,0.0011282599999999912
AKR1C1,0.0
AKR1D2,0.0
ALAR,0.0
ALASm,0.0
ALAt2rL,0.0
ALATA_L,-0.002629320393333512
ALCD1,0.0
ALCD22_D,0.0377119659
AMACRp,0.0
AMETr,0.0
AMETt2m,0.0
AMPDA,0.0
AMPTASECG,0.002058443900000019
AMPtp,0.0
ANDRSTRNGLCtr,0.0
AOBUTDsm,0.0
APOC_LYS_BTNP,0.0
APOC_LYS_BTNPm,0.0
APOCF,0.0
APOCFm,0.0
ARACHDCOAtx,0.0
ARACHDtr,0.0
ARGDCm,6.970080000000002e-05
ARGNm,0.0002764508
ARGSL,0.0
ARGSS,0.0
ARGtm,0.00034615160000000004
ARSA,0.0
ARTFR11,0.0
ARTPLM1,-0.0028269699999999977
ARTPLM1m,0.0
ARTPLM2,-0.0026521099999999988
ARTPLM2m,0.0
ARTPLM3,0.0
ARTPLM3m,0.0
ASAH1,0.0
ASNNm,2.1257799999999998e-05
ASNS1,0.0
ASNtm,2.1257799999999998e-05
ASP1DC,0.0
ASPCTr,0.0011501500000000082
ASPNATm,0.0
ATP1ter,0.0
ATP2ter,0.0
ATPasel,0.0
ATPtm,0.18524167303333305
ATPtn,0.0
ATPtx,0.0
B3GALT3g,0.0
B3GALT41g,0.0
B3GALT42g,0.0
B3GALT43g,0.0
B3GALT44g,0.0
B3GALT5g,0.0
B3GALTg,0.0
B3GNT11g,0.0
B3GNT12g,0.0
B3GNT310g,0.0
B3GNT312g,0.0
B3GNT314g,0.0
B3GNT315g,0.0
B3GNT39g,0.0
B3GNT51g,0.0
BAAT2x,0.0
BACCL,0.0
BACCLm,0.0
BALAtmr,0.0
BAMPPALDOX,0.0
BETALDHxm,0.0
BHMT,0.0
BILDGLCURtr,0.0
BILIRED,0.0
BIOCYTtn,0.0
BPNT,0.0
BPNT2,0.0
BTND1,0.0
BTND1n,0.0
BTNDm,0.0
BTNPL,0.0
BTNPLm,0.0
BTNtn,0.0
C160CPT1,0.0
C160CPT2,0.0
C160CRNt,0.0
C161CPT1,0.0
C161CPT12,0.0
C161CPT22,0.0
C161CRN2t,0.0
C161CRNt,0.0
C180CPT1,0.0
C180CPT2,0.0
C180CRNt,0.0
C204CPT1,0.0
C3STDH1Pr,0.0002040100000000062
C4STMO1r,0.00020401000000000447
C4STMO2Pr,0.0
C4STMO2r,0.00020401000000000447
CATm,0.0
CATp,0.0
CBPS,0.0011501500000000082
CBPSam,0.0
CDPDAGtm,0.0
CDS,0.0004954499999999999
CDSm,0.0
CEPTC,0.0008085311333333334
CEPTE,0.0015229888666666667
CERK,0.0
CERT1gt,0.0
CERT1rt,0.0
CERT2gt,0.0
CERT2rt,0.0
CH25H,0.0
CHLPCTD,0.000808531133333333
CHOLD2m,0.0
CHOLK,0.0008168339999999996
CHOLPtg,0.0
CHOLPtl,0.0
CHOLtg,0.0
CHOLtr,0.0
CHSTEROLt1,0.00020401000000000013
CHSTEROLt2,0.0
CHSTEROLt3,-0.00020401000000000013
CITRtm,0.00034615160000000004
CITtam,0.0071449422
CITtbm,0.0071449422
CLPNDCOAtx,0.0
CLS_hs,0.00011658000000000003
CMPACNAtg,0.0
CO2ter,-0.0014299075000000078
CO2tp,0.0
COAtg,0.0
COAtl,0.0
COAtm,0.00561971389999999
COAtp,-0.003660631499999978
COQ3m,0.0
COQ5m,0.0
COQ6m,0.0
COQ7m,0.0
CORE2GTg,0.0
CORE3GTg,0.0
CORE4GTg,0.0
CORE6GTg,0.0
COUCOAFm,0.0
CPPPGO,0.0
CRNCAR3tp,0.0
CRNCARtp,0.0025831581
CRNtim,0.0015143492000000002
CSNAT2m,0.0014741270000000002
CSNAT2x,0.0015143492000000002
CSNAT3x,0.0
CSNATer,0.0
CSNATm,0.0
CSNATp,0.0021462822999999912
CSNATr,-0.002146282299999993
CTPS1,0.0004847799999999967
CTPS2,0.0
CTPtn,0.0
CYOR_u10m,0.09826322927666656
CYSGLTH,0.034023351049999984
CYSO,4.03886e-05
CYSTA,0.0
CYSTGL,0.0
CYSTS,0.0
CYTD,0.0
CYTDK1,0.0
CYTDK2m,0.0
CYTDtm,0.0
CYTK1,0.0
CYTK10,0.014969638899999995
CYTK11,0.014969638899999995
CYTK12,-0.02187752009999999
CYTK13,0.006251508680000063
CYTK14,-0.01679450628000007
CYTK14n,0.0
CYTK1m,0.0
CYTK2,0.0
CYTK3,-0.007783963799999993
CYTK4,0.0024812399
CYTK4n,0.0
CYTK5,0.014969638899999995
CYTK6,-0.024515650099999984
CYTK7,-0.009782332800000008
CYTK8,0.014969638899999995
CYTK8n,0.0
CYTK9,0.014969638899999995
CYTK9n,0.0
D3AIBTm,0.0
DADA,0.0
DAGK_hs,0.0
DATPtn,0.00013182999999999945
DCK2n,0.0
DCMPDA,0.0
DCTPtn,9.442000000000131e-05
DCYTD,0.0
DCYTDn,0.0
DECDPtm,0.0
DESAT16_2,0.0
DESAT18_3,0.0
DESAT18_5,0.0
DESAT18_6,0.0
DESAT18_8,0.0
DESAT22_1p,0.0
DESAT22_2p,0.0
DGAT,0.0
DGK1,0.0
DGK2m,0.0
DGNSKm,0.0
DGTPtn,9.898e-05
DHCR241r,0.0
DHCR242r,0.0
DHCR243r,0.0
DHCR71r,0.000204010000000001
DHCR72r,0.0
DHCRD1,0.0001748599999999989
DHCRD2,0.0
DHDPBMTm,0.0
DHEASULT,0.0
DHFR,-0.00429450940000001
DHFtl,0.0
DHORD9,0.0011501500000000082
DHORTS,-0.0011501500000000084
DHPR,0.0
DKMPPD,0.0
DMATT,0.00040802000000000546
DMATTx,0.0
DMGDHm,0.0
DMGtm,0.0
DMNONCOACRNCPT1,-0.0015143492000000002
DNADtn,0.0
DNDPt10m,0.0006656161999999999
DNDPt11m,0.0006656161999999999
DNDPt12m,0.0
DNDPt13m,0.0
DNDPt14m,0.0006656162000000003
DNDPt15m,0.0006656161999999997
DNDPt16m,0.0006656162000000001
DNDPt17m,0.0006656161999999997
DNDPt18m,0.0
DNDPt19m,0.0
DNDPt1m,0.0
DNDPt20m,0.0
DNDPt21m,0.0
DNDPt22m,0.0006656161999999999
DNDPt23m,0.0006656161999999999
DNDPt24m,0.0006656161999999999
DNDPt25m,0.0006656161999999999
DNDPt26m,0.0006656161999999999
DNDPt27m,0.0006656161999999999
DNDPt28m,0.0006656161999999999
DNDPt29m,0.0006656161999999999
DNDPt2m,0.0
DNDPt30m,0.0
DNDPt31m,0.0
DNDPt32m,0.0
DNDPt33m,0.0006656161999999999
DNDPt35m,0.0006656161999999999
DNDPt36m,0.0006656161999999999
DNDPt37m,0.0
DNDPt38m,0.0
DNDPt39m,0.0
DNDPt3m,0.0
DNDPt40m,0.0
DNDPt41m,0.0
DNDPt42m,0.0
DNDPt43m,0.0
DNDPt44m,0.0
DNDPt45m,0.0
DNDPt46m,0.0
DNDPt47m,0.0
DNDPt48m,0.0
DNDPt49m,0.0
DNDPt4m,0.0
DNDPt50m,0.0
DNDPt51m,0.0
DNDPt52m,0.0
DNDPt53m,0.0
DNDPt54m,0.0
DNDPt55m,0.0
DNDPt56m,0.0
DNDPt57m,0.0
DNDPt58m,0.0
DNDPt59m,0.0
DNDPt5m,0.0
DNDPt60m,0.0
DNDPt61m,0.0
DNDPt62m,0.0
DNDPt63m,0.0
DNDPt6m,0.0
DNDPt7m,0.0
DNDPt8m,0.0006656161999999999
DOPASULT,0.0
DPCOAK,0.0
DPCOAtl,0.0
DPHMBDCm,0.0
DPMVDx,0.0
DPPS,0.0
DSAT,0.0001748599999999989
DTMPK,0.00013090999999999927
DTTPtn,0.00013091
DURAD2,0.0044996279999999994
DURIK1,0.0
DURIK1m,0.0
DURIPP,0.0
DURItn,0.0
DUTPDPm,0.0
EBP1r,0.0
EBP2r,0.00020401000000000013
ECOAH12m,0.0
ECOAH1m,-0.0022969471
ECOAH9m,0.004982566950000005
ELAIDCPT1,0.0
ELAIDCPT2,0.0
ELAIDCRNt,0.0
ESTRADIOLtr,3.675000000014604e-06
ESTRONEGLCtr,0.0
ESTRONEtr,-3.675000000014604e-06
ESTSULT,0.0
ETF,0.007045139000000001
ETFQO,0.007045139000000001
ETHAK,0.0015146860000000001
FA120ACPH,0.0
FA140ACPH,0.0
FACOAL140i,0.0
FACOAL160i,0.0
FACOAL1821,0.0
FACOAL1831,0.0
FACOAL191,0.0
FACOAL204,0.0
FADDP,0.0
FADH2tru,0.0
FADH2tx,0.0
FADtru,0.0
FADtx,0.0
FAEL204,0.0
FAEL205,0.0
FAH3,0.0
FALDH,0.0
FALDtm,0.0
FAOXC140,0.0
FAOXC160,0.0
FAOXC16080m,0.0
FAOXC16080x,0.0
FAOXC161802m,0.0
FAOXC16180m,0.0
FAOXC180,0.0
FAOXC180x,0.0
FAOXC1811601m,0.0
FAOXC1811603m,0.0
FAOXC18280m,0.0
FAOXC2242046x,0.0
FAOXC226205x,0.0
FAOXC80,0.0
FAS100COA,0.00565394
FAS120COA,0.005653939999999995
FAS140COA,0.005653939999999995
FAS160COA,0.005653939999999995
FAS180COA,0.0
FAS80COA_L,0.005653939999999995
FCLTm,0.0
FE2tm,0.0
FKYNH,0.0
FMNAT,0.0
FOLR2,0.0
FORt2m,-0.00020401000000000316
FORtr,-0.00020401000000000447
FPGS,0.0
FPGS2,0.0
FPGS2m,0.0
FPGS3,0.0
FPGS3m,0.0
FPGS4,0.0
FPGS4m,0.0
FPGS5,0.0
FPGS5m,0.0
FPGS6,0.0
FPGS6m,0.0
FPGS7,0.0
FPGS7m,0.0
FPGS8,0.0
FPGS8m,0.0
FPGS9,0.0
FPGS9m,0.0
FPGSm,0.0
FRDPtc,0.0
FTCD,0.0001164431
FTHFL,0.0
FTHFLm,0.00020401000000000316
FUCACNGALACGLCGALGLUSIDEtg,0.0
FUCFUCFUCGALACGLC13GALACGLCGAL14ACGLCGALGLUSIDEtg,0.0
FUMAC,0.00024577865000003155
FUMSO4tm,0.0
FUMtm,0.0002595549
FUT18g,0.0
FUT32g,0.0
FUT910g,0.0
FUT911g,0.0
FUT99g,0.0
G14T18g,0.0
G14T20g,0.0
G14T21g,0.0
G14T2g,0.0
G14T4g,0.0
G14T5g,0.0
G3PD1,1.2618006666475657e-05
G5SDym,0.0003359630999999995
G6PDH1rer,-0.0029013116000000034
G6PDH2rer,0.0039231991000000035
GACMTRc,0.0
GAL3ST11,0.0
GALASE16ly,0.0
GALASE17ly,0.0
GALASE18ly,0.0
GALASE19ly,0.0
GALASE20ly,0.0
GALGLUSIDEtg,0.0
GALGLUSIDEtl,0.0
GALGT1,0.0
GALGT2,0.0
GALGT3,0.0
GALGT4,0.0
GALK,0.0
GALNTg,0.0
GALSIDEtg,0.0
GALSIDEtl,0.0
GALtly,0.0
GALU,0.001723859799999998
GAO1g,0.0
GAO2g,0.0
GARFT,0.0011282599999999912
GBA,0.0
GBAl,0.0
GBGT1,0.0
GBSIDEtl,0.0
GCC2cm,0.0076001002
GCCam,7.49101e-05
GCCbim,7.49101e-05
GCCcm,7.49101e-05
GCNTg,0.0
GDPFUCtg,0.0
GDPtg,0.0
GGH_10FTHF5GLUl,0.0
GGH_10FTHF6GLUl,0.0
GGH_10FTHF7GLUl,0.0
GGH_5DHFl,0.0
GGH_5THFl,0.0
GGH_6DHFl,0.0
GGH_6THFl,0.0
GGH_7DHFl,0.0
GGH_7THFl,0.0
GGT6,0.0
GHMT2r,0.0022709868999999825
GK1,0.000460149999999996
GK1m,0.0
GLB1,0.0
GLCAASE8ly,0.0
GLCAASE9ly,0.0
GLCtg,0.0
GLCtly,0.0
GLCURtly,0.0
GLNS,0.0
GLNtm,0.010468982303333195
GLU5Km,0.0003359630999999995
GLUCYS,0.0
GLUDC,0.002082777209999715
GLUDxm,0.0095976189
GLUDym,0.0095976189
GluForTx,0.0001164431
GLUNm,0.010468982303333195
GLUPRT,0.0011282599999999912
GLUTCOADHm,0.0006717036
GLYAMDTRc,0.0
GLYATm,0.0
GLYBtm,0.0
GLYCtm,0.0
GLYK,0.002810448006666474
GLYKm,0.0
GLYt2rL,0.0
GMPR,0.0
GMPS2,0.0
GMPtg,0.0
GMPtn,0.0
GP1Ctg,0.0
GPAM_hs,0.0026521099999999988
GPDDA1,0.0
GQ1BALPHAtg,0.0
GRTT,0.00040802000000000546
GRTTx,0.0
GSNKm,0.0
GSNtm,0.0
GTHO,0.0020535907000000003
GTHOm,0.0
GTHP,0.0
GTHPm,0.0
GTHS,0.0
GTPCI,0.0
GUACYC,0.0
GUAPRT,0.0
H2CO3D,0.08048908235333303
H2CO3Dm,0.039374510999999966
H2O2tp,0.0
H2Oter,-0.0008142025000000223
H2Otg,0.0
H2Otm,-0.2294376421299999
H2Otn,0.0
H2Otp,0.0
HACD1m,-0.0022969471
HACD9m,0.004982566950000004
HBZOPT10m,0.0
HDD2COAtx,0.0
HESTRATRIOLtr,0.0
HGNTOR,0.00024577865000003155
HIBDm,0.0007480294999999988
HISD,0.0001164431
HISDC,0.0
HMBS,0.0
HMGCOASi,0.0
HMGCOASim,0.0022969471
HMGCOAtm,-0.0033703423000000002
HMGCOAtx,0.002146282299999972
HMGLx,0.002146282299999972
HOXG,0.0
HSD11B1r,0.0026973016000000002
HSD11B2r,-0.0026973016000000002
HSD17B1,4.925929999998542e-05
HSD17B2r,0.0
HSD17B42x,0.0
HSD17B4x,0.0
HSD17B7r,3.675000000014821e-06
HSD17B9r,0.0
HSD3A1r,0.0
HSD3B11,0.0
HSD3B11r,0.0
HSD3B2r,0.0
HSD3B7P,0.0
Htg,0.0
Htm,0.0014908578
Htr,-0.0002040099999999767
Htx,0.0
HXPRT,0.0
HYPOE,0.0
ILEt5m,0.001560149
ILETA,0.0034224179500000045
ILETAm,0.001560149
IMPC,-0.001128259999999992
IMPD,0.000460149999999996
INSK,0.0
IPDDI,0.00040802000000000546
IPDDIx,0.0
IZPN,0.0001164431
KYN3OX,0.0
L_LACtm,0.0037813706000000002
LAPCOAl,0.0
LCYSTCBOXL,0.0
LEUt5m,0.0010733952000000003
LEUTA,0.0
LEUTAm,0.0010733952000000003
LFORKYNHYD,0.0
LNELDCCPT1,0.0
LNELDCCPT2,0.0
LNELDCCRNt,0.0
LNSTLSr,0.00020401000000000533
LPASE,0.0
LPCOXp,0.0
LPS,0.0
LPS3,0.0
LS3,0.0
LSTO1r,0.000204010000000001
LSTO2r,0.0
LTC4CP,0.0
LTD4DP,0.0
LYSOXp,0.0
LYStip,0.0
LYStm,0.0022969470999999997
LYStn,0.0
MACACI,0.00024577865000003155
MACOXO,0.0
MALSO3tm,0.0002595549
MALtm,0.0002595549
MAOX,0.0
MCCCrm,0.0010733952
MCD,0.0
MCDm,0.0
MCDp,0.0
MCOATA,0.0
MDRPD,0.0
METAT,0.0
METS,0.0
MEVK1x,0.0
MGCHrm,0.0010733952
MHISOR,0.0
MMCDm,0.0
MMEm,-0.0005407485999999982
MMMm,0.0005407485999999982
MMSAD1m,0.0
MMTSADm,0.0
MTAP,0.0
MTHFC,0.0022565199999999832
MTHFCm,4.981720000000675e-05
MTHFD,0.014942125206666716
MTHFD2,-0.012802048306666732
MTHFD2m,-0.009049760599999993
MTHFDm,0.0090995778
MTHFR3,0.0019946385
MTRI,0.0
N3Tg,0.0
N4Tg,0.0
NACASPAH,0.0
NACASPtm,0.0
NACHEX23ly,0.0
NACHEX24ly,0.0
NACHEX25ly,0.0
NACHEX26ly,0.0
NACHEX27ly,0.0
NACHEXA20ly,0.0
NACHEXA21ly,0.0
NACHEXA22ly,0.0
NADH2_u10m,0.07183481557666654
NADN,0.0
NADPHtru,0.0
NADPHtxu,0.0
NADPtru,0.0
NADPtxu,0.0
NADS2,0.0
NADtn,0.0
NAGA2ly,0.0
NAGAly,0.0
NAGLCAly,0.0
NAtx,0.0
NBAHH_ir,0.0
NDP6,0.0
NDP7er,0.0
NDP7g,0.0
NDP8,0.0001309099999999984
NDPK1,0.008156177700000001
NDPK2,0.008156177700000001
NDPK3,0.008156177700000001
NDPK3m,0.0
NDPK4,0.0001309099999999997
NDPK4m,0.0
NDPK5,0.008156177700000001
NDPK5m,0.0
NDPK6,0.0
NDPK6m,0.0
NDPK7,0.008156177700000001
NDPK7m,0.0
NDPK8,0.008156177700000001
NDPK8m,0.0
NDPK9,0.008156177700000001
NH4tp,0.0
NICRNS,0.0022784100000000007
NICRNTtn,0.0
NMNATn,0.0
NMNS,0.0
NMNtn,0.0
NNATn,0.0
NNATr,0.0
NNMT,0.0
NORANMT,0.0
NP1,0.0022784100000000007
NT5C,0.0
NTD1,0.0
NTD10,0.0
NTD11,0.0
NTD1m,0.0
NTD2,0.0
NTD3,0.0
NTD4,0.0
NTD5,0.0
NTD5m,0.0
NTD6,0.0
NTD7,0.0
NTD8,0.0
NTD9,0.0
O2tm,0.058549980704999935
O2tp,0.0
OAGD3tg,0.0
OAGT3tg,0.0
OBDHc,0.0
OCBTm,0.0
OCOAT1m,0.0
ODECOAtx,0.0
OIVD2m,0.0007480295000000014
OIVD3m,0.0038545955500000045
OMPDC,0.0011501500000000082
OPAHir,0.0
ORNDC,0.0
ORNt3m,0.0
ORNt4m,0.0
ORPT,-0.0011501500000000082
P45011A1m,0.0
P45017A3r,0.0
P45017A4r,0.0
P45019A1r,0.0
P45019A2r,0.0
P4501B1r,0.0
P45027A11m,0.0
P45027A12m,0.0
P45027A13m,0.0
P45027A1m,0.0
P4503A7r,0.0
P4507A1r,0.0
P4507B12r,0.0
P4508B13r,0.0
P5CDm,0.0
P5CR,0.00019634360000000007
P5CRm,0.0
P5CRxm,0.0025635245
PA_HSter,0.0
PA_HStg,0.0
PACCOAL,0.0
PAFH,0.0
PAFS,0.0
PAN4PP,0.0
PAPStg,0.0
PAPtg,0.0
PCFLOPm,0.0
PCHOL_HStg,0.0
PCHOLP_hs,0.0
PCHOLPg_hs,0.0
PCHOLPm_hs,0.0
PCHOLPr_hs,0.0
PCRNtm,0.0014741270000000002
PDE1,0.0
PDE4,0.0
PDE4n,0.0
PDXPP,0.0
PE_HSter,0.0
PE_HStm,-0.0005454371333333333
PEAMNO,0.0
PEFLIPm,0.0
PETHCT,0.001522988866666667
PETOHMm_hs,0.0
PETOHMr_hs,0.0
PGCD,0.0019068382999999998
PGPP_hs,0.00014572000000000022
PGPPT,0.00014572000000000022
PHACCOAGLNAC,0.0
PHEMEtm,0.0
PHETA1,0.00033536259999999984
PHYCBOXL,0.0
PIter,0.00044873550000002166
PItg,0.0
PItn,0.0
PItx,0.0
PLA2_2,0.0
PMEVKx,0.0
PNP,0.0
PNTEH,0.0
PNTK,0.0
PPA,0.0
PPA2,0.0
PPAer,0.00040802000000001067
PPAm,0.0064952209499999775
PPAn,0.0
PPAP,0.0021566599999999977
PPBNGS,0.0
PPCDC,0.0
PPD2CSPp,0.0
PPDOx,0.0022571584
PPItx,0.0
PPMI12346Ptn,0.0
PPNCL3,0.0
PPPG9tm,0.0
PPPGOm,0.0
PRAGSr,0.0011282599999999912
PRDX,0.0
PRFGS,0.0011282599999999912
PRGNLONEtm,0.0
PRGNLONEtr,0.0
PRISTtx,0.0
PRO1x,0.0001963436
PRO1xm,0.0024525365999999997
PROD2m,0.00011098790000000001
PROt2rL,0.0
PROtm,0.0
PRPNCOAHYDm,0.004982566950000001
PSDm_hs,0.0005454371333333333
PSERT,0.0019068382999999998
PSFLIPm,0.0005454371333333335
PSP_L,0.0019068383
PSSA1_hs,-0.0009109588666666672
PSSA2_hs,0.0015146860000000001
PTE2x,0.0
PTE3x,0.0
PTE4x,0.0
PTHPS,0.0
PTPAT,0.0
PUNP1,0.0
PUNP2,0.0
PUNP3,0.0
PUNP4,0.0
PUNP5,0.0
PUNP6,0.0
PUNP7,0.0
PYDAMK,0.0
PYDXDH,0.0
PYDXK,0.0
PYDXNK,0.0
PYDXPP,0.0
PYNP2r,0.0
PYRt2p,0.0
RBFK,0.0
RDH1,-0.010250054299999999
RDH2,-0.010250054299999999
RDH3,-0.010250054299999999
RETFA,0.0
RETH,0.0
RNDR1,0.0001318300000000168
RNDR2,9.897999999999504e-05
RNDR3,9.442000000000825e-05
RNDR4,0.00013090999999999884
RNMK,0.0
RTOTAL2CRNCPT1,0.0
RTOTAL2CRNCPT2,0.0
RTOTAL2CRNt,0.0
RTOTAL3CRNCPT1,0.0
RTOTAL3CRNCPT2,0.0
RTOTAL3CRNt,0.0
RTOTALCRNCPT1,0.0
RTOTALCRNCPT2,0.0
RTOTALCRNt,0.0
Rtotaltl,0.0
S23T2g,0.0
S23T4g,0.0
S6T17g,0.0
S6T18g,0.0
S6T2g,0.0
S6T3g,0.0
S6TASE22ly,0.0
S6TASE23ly,0.0
S6TASE24ly,0.0
S6TASE25ly,0.0
S6TASE26ly,0.0
SACCD3m,0.0022969470999999997
SACCD4m,0.0022969470999999997
SADT,0.0
SALMCOM2,0.0
SAMHISTA,0.0
SARDHm,2.4908600000000014e-05
SBPP1er,0.0
SBPP3er,0.0
SCP21x,0.0
SCPx,0.0
SERPT,0.0001748599999999987
SFGTH,0.0
SGALSIDEtg,0.0
SGALSIDEtl,0.0
SGPL12r,0.0
SIAASE3ly,0.0
SIAASE4ly,0.0
SIAT4Bg,0.0
SIAT9g,0.0
SLCBK1,0.0
SMPD3g,0.0
SMPD3l,0.0
SMPD4,0.0
SMS,0.0001748600000000002
SO4tl,0.0
SOAT11,0.0
SPH1Ptr,0.0
SPHGNtr,0.0
SPHINGStl,0.0
SPHINGStr,0.0
SPHK21c,0.0
SPHMDAc,0.0
SPHMYLNtl,0.0
SPHS1Ptr,0.0
SPMDOX,0.0
SPMS,0.0
SQLEr,0.00020401000000000533
SQLSr,0.0
SR5AR2r,0.0
SR5ARr,0.0
ST3GAL21g,0.0
ST3GAL22g,0.0
ST3GAL23g,0.0
ST3GAL31g,0.0
ST3GAL61g,0.0
ST3GAL62g,0.0
ST6GALNAC22,0.0
ST6GALNAC25,0.0
ST6GALNAC26,0.0
ST6GALNAC27,0.0
ST6GALNAC28,0.0
ST6GALNAC31,0.0
ST6GALNAC62,0.0
ST8SIA12,0.0
ST8SIA51g,0.0
ST8SIA56g,0.0
STS1,0.0
STS2,0.0
SUCCt2m,-0.006625832399999998
SUCCtp,0.0
SULFOX,4.03885999999997e-05
T4HCINNMFM,0.0
TAURtcx,0.0
TCHOLAtx,0.0
TDP,0.0
THBPT4ACAMDASE,0.0
THCHOLSTOICtm,0.0
THD1m,0.0
THFtl,0.0
THMP,0.0
THMTP,0.0
THP2Ctp,0.0
THRD_L,0.0
THYMDtm,0.0
TMDK1,0.0
TMDPK,0.0
TMDPP,0.0
TMDPPK,0.0
TMDS,0.00013090999999999927
TMNDNCCOAtx,0.0
TRDR,0.0004561400000000189
TRDR2,0.0
TRDR3,0.0
TRDRm,0.0
TRPO2,0.0
TSTSTERONEGLCtr,0.0
TTDCPT1,0.0
TTDCPT2,0.0
TTDCRNt,0.0
TYMSULT,0.0
TYR3MO2,0.0
TYRCBOX,0.0
TYRDOPO,0.0
TYROXDAc,0.0
TYRTA,0.00024577865000003155
TYRTAm,0.0
UAG2EMAi,0.0
UAG4E,0.0
UDPACGALtl,0.0
UDPGLCAter,0.0
UDPGLCter,0.0
UDPtl,0.0
UGALNACtg,0.0
UGCG,0.0
UGLCNACtg,0.0
UGT1A1r,0.0
UGT1A3r,0.0
UGT1A4r,0.0
UGT1A9r,0.0
UMPK,0.0
UMPK2,0.014969638899999995
UMPK3,0.014969638899999995
UMPK4,0.014969638899999995
UMPK4n,0.0
UMPK5,-0.036846325499999985
UMPK5n,0.0
UMPK6,0.014969638899999995
UMPtr,0.0
UNK3,0.0
UPP3S,0.0
UPPDC1,0.0
URCN,0.0001164431
UREAtm,-0.00034615160000000004
URIDK2m,0.0
URIK1,0.0
VALt5m,0.0007480295000000014
VALTA,0.0
VALTAm,0.0007480295000000014
VITD3tm3,0.0
VLCSp,0.0
VLCSr,0.0
XOL27OHtm,0.0
XOLDIOLONEt,0.0
XOLTRI27tc,0.0
XOLTRIOLtm,0.0
XYLTD_Dr,0.0
1MNCAMti,0.0
25HVITD3t,0.0
2HBt2,0.0037813706000000002
2MCITt,0.0
34DHOXPEGt,0.0
34DHPHEt,-0.0007531852000000001
3AIBt,0.0002072809
3MLDAt,0.0
4MPTNLte,0.0
4PYRDX,0.0
5ADTSTSTERONEGLCte,0.0
5MTHFt,-6.131849999999999e-05
5MTHFt2,6.13185e-05
6HTSTSTERONEte,0.0
ABTti,0.0
ABUTt2r,0.0018939004000000001
ABUTt4_2_r,-0.003976677609999715
ACACt2,0.0037813706000000002
ACETONEt2,0.0
ACN23ACNGALGBSIDEte,0.0
ACNACNGAL14ACGLCGALGLUSIDEte,0.0
ACNGALACGLCGAL14ACGLCGALGLUSIDEte,0.0
ACt2r,0.0
ADAe,0.0
ADEt,0.0
ADNt,0.0
ADRNt,0.00019635800000000002
AKGt4_3,-0.07175708013333366
ALAASNNaEx,0.002040958
ALACYSNaEx,0.002040958
ALADGLNexR,0.0
ALAGLNNaEx,0.002040958
ALASERNaEx,0.002040958
ALAt2r,-0.11983112122500084
ALAt4,0.1113457876
ALATHRNaEx,0.002040958
AMPTASECGe,0.0022126477999999997
ANDRSTRNGLCte,0.0
APRGSTRNte,0.0
ARACHDt2,0.00019635800000000064
ARACHt,0.00019635800000000002
ARGLYSex,0.0009364086
ARGtiDF,0.0014070235999999999
ASCBt,0.0
ASCBt4,-0.001739502599999995
ASNALANaEx,0.002040958
ASNCYSNaEx,0.002040958
ASNGLNNaEx,0.002040958
ASNSERNaEx,0.002040958
ASNt4,0.006977230700000003
ASNTHRNaEx,0.002040958
ASPDt6,0.0
ASPt6,0.001678711800000001
ATPH1e,0.0
AVITE1t,0.0
BHBt,0.0
BILDGLCURte,0.0
BILGLCURte,0.0
BTNt2,0.0
BTNt3i,0.0
BUTt2r,0.0037813706000000002
CAATPS,0.0
CAMPt,0.0
CAt7r,0.0003877425
CGMPt,0.0
CHOLATEt,0.0
CHOLATEt3,0.0
CHOLtu,0.001727792866666667
CHSTEROLt,0.0
CLHCO3tex2,0.078317289853333
CLOHtex2,0.014569350450000199
CLOXAtex2,0.0010669428999999999
CO2t,0.0
COt,0.0
CREATt4_2_r,0.0007276128
CRMPte,0.0
CRNt,0.0002853541
CRNtHa,0.0003073004
CRNtuNa,2.194630000000125e-05
CRVNCtr,0.00019635800000000002
CYSALANaEx,0.002040958
CYSASNNaEx,0.002040958
CYSGLNNaEx,0.002040958
CYSGLUexR,0.0007531852000000001
CYSGLYexR,0.0003166962
CYSSERNaEx,0.002040958
CYSt4,0.0
CYStec,0.0001626158
CYSTHRNaEx,0.002040958
DADAe,0.0
DADNt4,0.0
DALAt2r,0.0
DHAAt1r,0.0017395025999999963
DLNLCGt,0.0
DOPASFt,0.0
DOPAtu,0.0002853541
ELAIDt,0.0
ESTRADIOLGLCt,0.0
ESTRADIOLGLCt2,0.0
ESTRONEGLCt,0.0
ESTRONESt,0.0011895823000000001
FATP1t,0.0006607205
FATP2t,0.0006354515
FATP3t,0.0006354515
FATP4t,0.00019635800000000002
FATP5t,0.00019635800000000002
FATP6t,0.00019635800000000002
FATP7t,0.00019635800000000002
FATP8t,0.00019635800000000002
FATP9t,0.00019635800000000002
FE2t,0.0010759215999999999
FE3R2e,0.001739502599999998
FRUt1r,0.0005669893
FRUt4,-0.0005669893
FUCACNGALACGLCGALGLUSIDEte,0.0
FUCFUCFUCGALACGLC13GALACGLCGAL14ACGLCGALGLUSIDEte,0.0
GALt1r,0.0
GBSIDEte,0.0
GCHOLAt3,0.0
GCHOLAte,0.0
GGLUCT,0.0
GLCt1r,0.033013236313333416
GLCt4,0.0016444400999999999
GLNALANaEx,0.002040958
GLNASNNaEx,0.002040958
GLNCYSNaEx,0.002040958
GLNSERNaEx,0.002040958
GLNt4,0.083571567728334
GLNTHRNaEx,0.002040958
GLNtN1,-0.06965416692500082
GLUt6,0.0015355705999999998
GLYCt,0.0
GLYt2r,0.0018939004000000001
GLYt4,0.1113457876
GLYt7_211_r,-0.12243799939999998
GP1Cte,0.0
GQ1BALPHAte,0.0
GTHPe,0.0
GTMLTe,0.0
H2O2t,0.0
H2Ot,0.00012203930000000001
HAS1,0.0
HAS2,0.0
HAtly,0.0
HCO3_CLt,0.0031254174
HCO3_NAt,0.0033029229
HDCAtr,0.0006607204999999998
HDCEAtr,0.0
HESTRATRIOLte,0.0
HISt4,0.030769291265000734
HISTAtu,0.0017730898000000183
HIStiDF,0.0011189278
HOMt4,0.0014070235999999999
HPACtr,0.0
ILEtec,0.0009771007
INSt,0.0
INSTt2r,0.0006942192999999999
INSTt4,0.0016444400999999999
INSTt4_2,-0.0021055094000000003
KCC2t,0.0022621088
KCCt,0.0022621088
KSII_CORE2t,0.0
KSII_CORE2tly,0.0
KSII_CORE4t,0.0
KSII_CORE4tly,0.0
L_LACt2r,0.027265553499999998
L_LACt4r,0.0
LACZe,0.0
LCAT1e,0.0
LCTStg,0.0
LEUt4,0.00818746
LEUtec,0.0009771007
LGNCt,0.00019635800000000002
LNLCt,0.0
LNLNCAt,0.0
LNLNCGt,0.0
LPS2e,0.0
LPS3e,0.0
LPSe,0.0
LYSt4,0.0002853541
LYStiDF,0.0014070235999999999
MANt1r,0.0057357498
MANt4,-0.0057357498
MEPIVESSte,0.0
METLEUex,0.0007531852000000001
METt4,0.0
METtec,0.0009771007
NAHCO3_HCLt,0.0001398064
NaKt,0.0
NAt,0.0016444400999999999
NAt3_1,0.0009747588
NAt5,0.0009747588
NCAMUP,0.0
NCKt,0.0015944845000000001
NCNt,-0.0012067420000000002
NDP7ex,0.0
NDP8ex,0.0
NKCC2t,-0.03481283910333321
NKCCt,0.0005931328
NRVNCt,0.00019635800000000002
NTD2e,0.0
NTD7e,0.0
O2t,0.06178776790500005
OAGD3te,0.0
OAGT3te,0.0
OCDCAtr,0.0006354515
OCDCEAtr,0.0006354515
ORNtiDF,0.0014070235999999999
OXAHCOtex,0.0021338858000000058
PCt,0.0
PEFLIP,0.0
PHEACGLNt,0.0
PHEMEt,0.0052305343999999995
PHEt4,0.0077835821000000055
PHEtec,0.0009771007
PIt8,0.012414140000000183
PLA2_2e,0.0
PNTOt5,0.0
PRODt2r,0.0
PROSTGE1t3,0.0
PROSTGE2t,0.0
PROSTGE2t3,0.0
PROt2r,0.0018939004000000001
PROt4,0.00735102
PSFLIP,0.0
PYDXtr,0.0
RETNt,0.0
SERALANaEx,0.002040958
SERASNNaEx,0.002040958
SERCYSNaEx,0.002040958
SERGLNNaEx,0.002040958
SERt4,0.0
SERTHRNaEx,0.002040958
SO4CLtex2,0.0010669428999999999
SO4HCOtex,0.0014572075
SO4OXAtex2,0.0010669428999999999
SO4t4_2,-0.0057653677
STRDNCt,0.0
TAURt4_2_r,-0.004666166499999999
TCHOLAt3,0.0
THRALANaEx,0.002040958
THRASNNaEx,0.002040958
THRCYSNaEx,0.002040958
THRGLNNaEx,0.002040958
THRSERNaEx,0.002040958
THRt4,0.007858584700000004
THYMt,0.0
THYOXt2,0.0
TRIODTHYt2,0.0
TRPt,0.0007164313000000001
TSTSTERONEGLCte,0.0
TTDCAtr,0.0
TYMSFt,0.0
UREAt,0.0013777183
UREAt5,-0.0017238699000000001
URIt,0.0
VALtec,0.0009771007
VITD3t,0.0034348253999999996
VITD3t2,0.0034348253999999996
XOLEST2te,0.0
XOLESTte,0.0
XOLTRI27te,0.0
r0636,0.0
r0637,0.0
r0734,0.0
r0791,0.0009844231
r1450,0.0009844231000000001
r0732,0.0
r1445,0.0
r0729,0.0
r0726,-0.0016201484999999998
r0727,0.0
r0728,0.0016201485
r0660,0.0
r0661,0.0
r0722,0.0
r0723,0.0
r0446,0.0007752446000000001
r1135,0.0
r0438,0.0
r0440,0.0
r0718,0.0
r0719,0.0
r0720,0.0
r0721,0.0
r0010,0.0
r0021,-0.03196976034999998
r0022,0.0
r0027,0.0359058476
r0028,0.0
r0033,0.0
r0034,0.0
r0047,0.0
r0068,0.0
r0074,0.0002662623
r0082,0.0202967057
r0084,0.0
r0085,0.00033536260000000006
r0086,0.0
r0097,0.0
r0113,0.0
r0119,0.0
r0129,0.002058443900000019
r0142,0.0
r0157,0.0
r0160,0.002810448006666473
r0163,0.0017267508
r0170,0.00020401000000000447
r0173,0.0
r0179,0.0
r0191,0.015339991780000081
r0193,0.0
r0196,0.0
r0208,0.0
r0210,0.0
r0224,0.0022127097
r0226,0.0022127097000000004
r0239,0.0
r0245,-0.002810448006666473
r0246,0.0
r0267,0.0022813258999999997
r0268,-0.002281325899999998
r0283,0.0
r0287,0.0
r0295,5.000149999999999e-05
r0301,0.00046014999999999576
r0309,0.0
r0310,0.0
r0311,0.0
r0321,0.0
r0330,0.0044996279999999994
r0331,0.0
r0339,0.0
r0340,0.0
r0345,0.0
r0354,0.0063688845
r0355,0.017280641119999926
r0357,0.0017872932000000015
r0358,0.0063688845
r0365,0.004982566950000001
r0366,0.0
r0368,0.0
r0377,0.0
r0381,0.0
r0383,0.0012918763999999999
r0384,0.0017267508
r0386,0.0
r0391,0.0022784100000000007
r0392,-0.002810448006666474
r0393,0.0
r0398,0.0
r0400,0.0
r0407,0.006808292200000003
r0408,0.0034041461
r0409,0.0034041461
r0422,0.0202967057
r0423,0.0008952043
r0424,0.0
r0431,-0.038301115799999966
r0432,0.038301115799999966
r0433,0.0
r0434,0.0
r0441,0.0
r0443,0.0
r0450,0.0022969470999999993
r0451,0.0017267508
r0456,0.0
r0480,-8.302866666666636e-06
r0483,0.0
r0504,0.0
r0512,0.0022127097
r0514,0.0022127097
r0517,0.0
r0522,0.0
r0523,0.0
r0527,0.0
r0531,0.0
r0537,0.0
r0539,0.0
r0541,0.0016252434999999993
r0545,0.0
r0555,0.0012918763999999999
r0556,-0.003453501599999999
r0557,0.0017267508000000003
r0558,0.0
r0559,0.0
r0560,0.00033791550000000005
r0568,0.0
r0571,-0.0005407485999999982
r0575,0.00020401000000000447
r0578,0.0
r0579,0.0
r0584,0.0
r0590,0.0
r0591,0.0
r0594,0.0
r0595,0.0
r0596,0.004982566950000001
r0603,0.0035835042
r0604,0.0011279714
r0616,-0.0025635245
r0618,0.0025635245
r0620,0.0017267508
r0625,0.0
r0630,0.0
r0633,0.0
r0634,0.0016201485000000002
r0638,0.0
r0639,0.0
r0641,0.0
r0642,0.005402065500000002
r0643,0.0005407485999999982
r0644,0.005402065500000002
r0647,0.0
r0652,0.0
r0653,0.0
r0655,0.0010733952
r0656,0.0
r0666,0.0011282599999999912
r0668,0.0
r0669,0.0007480294999999999
r0670,0.0011279714
r0671,0.0
r0672,0.0
r0678,0.0
r0681,0.0
r0682,0.0
r0683,0.0035835042
r0691,0.0
r0692,0.0
r0693,0.0
r0694,0.0
r0695,0.0
r0702,0.0
r0706,0.0
r0712,0.0
r0714,0.0
r0715,0.0
r0716,0.0
r0717,0.0
r0724,0.0
r0730,0.0
r0731,0.0
r0733,0.0
r0735,0.0
r0743,0.0
r0744,0.0
r0750,0.0
r0752,-0.0038623511999999996
r0753,0.0038623511999999996
r0754,-0.00033079104333323976
r0755,0.0003307910433332406
r0756,-0.0038623511999999996
r0757,0.0038623511999999996
r0758,-0.005402065499999988
r0760,0.0
r0761,0.0
r0762,0.0
r0763,0.0
r0764,0.0
r0765,0.0
r0766,0.0
r0767,0.0
r0768,0.0
r0769,0.0
r0770,0.0
r0771,0.0
r0779,0.0007480295
r0780,0.0005757357999999955
r0781,0.00020401000000000447
r0782,0.0
r0783,0.000204010000000001
r0786,0.0
r0787,0.0
r0788,-8.302866666666634e-06
r0789,-8.302866666666634e-06
r0792,0.0019946385
r0795,0.0
r1093,0.0
r1098,0.0
r1109,0.0
r1112,0.0
r1146,0.0
r1154,0.0
r1156,0.0
r1164,0.0
r1165,0.0
r1166,0.0
r1167,0.0
r1168,0.0
r1169,0.0
r1170,0.0
r1171,0.0
r1172,0.0
r1174,0.0
r1175,0.0
r1177,0.0
r1179,0.0
r1181,0.0
r1182,0.0
r1183,0.0
r1185,0.0
r1186,0.0
r1187,0.0
r1188,0.0
r1251,0.0
r1253,0.0
r1255,0.0
r1257,0.0
r1259,0.0
r1260,0.0
r1262,0.0
r1357,0.0
r1358,0.0
r1377,0.0
r1378,0.0
r1380,0.00020401000000000013
r1382,0.0
r1383,0.0
r1391,0.0
r1392,0.0
r1431,0.0
r1432,0.0
r1433,0.0
r1443,0.0
r1444,0.0
r1446,0.0
r1447,0.0
r1448,0.0
r1449,0.0
r1451,0.0
r1457,0.0
r2437,0.0
r2438,0.0
r1527,0.0
r1528,0.0
r0997,0.0010774733999999956
r2434,0.0
FAOXOHC16C16DCc,0.0
r1002,0.0
r1003,0.0
r2436,0.001510266999999995
34DHPHELAT1tc,0.0007531852000000001
4ABUTtcn,0.0
4HOXPACDOX_NADP_,0.0
4HPROLTASCT1,5.928599999999976e-06
4MPTNLtm,0.0
4OHPROIMINOtc,5.9285999999999994e-06
5OXPROt,0.0
ACP1_FMN_,0.0
ADPACDAc,0.0
ADPACTD,0.0
ADPCOACROT,0.0
ADPCOAPTE,0.0
AHCYStd,0.0
ALAyLATthc,0.0
AMETtd,0.0
ASCBSVCTtc,0.0
ASNPHELAT2tc,0.0003166962
ASPDTDe,0.0
ASPPROASCT1,0.0006770772
BALABETAtc,0.0
BALAPAT1tc,0.0
biomass_reaction,0.01
BTNTe,0.0
C10DCc,0.0
C10DCCACT,0.0
C12DCACOT,0.0
C12DCACT,0.0
C12DCTD,0.0
C16txc,0.0
C2tcx,-0.0004368758000000087
C30CPT1,0.0014741270000000002
C40CPT1,0.0007752445999999985
C4CRNCPT2,0.0007752446000000001
C4tcx,0.0
C4tmc,0.0007752446
C4x,0.0
C60CPT1,0.0
C6COAt,0.0
C6CRNtcx,0.0
C6DCc,0.0
C6DCCACT,0.0
C80CPT1,0.0
C8DCc,0.0
C9BRxtc,0.0015143492000000002
CHOLESACATc,0.0
CHOLESTle,0.0
CRNrtx,0.0
CYOOm2,0.0042930397
CYSPHELAT2tc,0.0003166962
DAGt,0.0
DCATDc,0.0
DPMVDc,0.0012240600000000285
DSREDUCr,0.000204010000000001
DTMPKm,0.0
F1Atg,0.0
FADDPle,0.0
FADH2ETC,0.007045139000000001
FAOXC101C8m,0.0016201485000000002
FAOXC101C8x,0.0
FAOXC10C10OHm,0.0
FAOXC10C8m,0.0
FAOXC10C8x,0.0
FAOXC10DCC8DCx,0.0
FAOXC121C10x,0.0
FAOXC121x,0.0
FAOXC12C10m,0.0
FAOXC12C10x,0.0
FAOXC12C12OHm,0.0
FAOXC12DCc,0.0
FAOXC12DCC10DCx,0.0
FAOXC12DCTc,0.0
FAOXC12DCx,0.0
FAOXC141C121x,0.0
FAOXC14C12m,0.0
FAOXC14C12x,0.0
FAOXC14C14OHm,0.0
FAOXC14DCC12DCx,0.0
FAOXC15ATPx,0.0
FAOXC161C141x,0.0
FAOXC16BRx,0.0
FAOXC16C14m,0.0
FAOXC16C14x,0.0
FAOXC16DCC14DCx,0.0
FAOXC16DCr,0.0
FAOXC181C161m,0.0
FAOXC181C161x,0.0
FAOXC225C204x,0.0
FAOXC225C226x,0.0
FAOXC225x,0.0
FAOXC226C225x,0.0
FAOXC4C2m,0.0
FAOXC61C4m,0.0
FAOXC6C4m,0.0
FAOXC6C4x,0.0
FAOXC6DCC4DCx,0.0
FAOXC8C6m,0.0
FAOXC8C6x,0.0
FAOXC8DCC6DCx,0.0
FE2DMT1,0.0024030836
FE3MTP1,0.0034790052000000004
FERO,0.0008697513000000001
FMNALKPle,0.0
FRDPtcr,0.00040802000000000893
GLNyLATthc,0.0
GLUPROASCT1,0.0006770772
GLYC3Ptmc,0.0
HEXCOAACBP,0.0
HEXDIACTD,0.0
HEXDICOAACBPx,0.0
HIShPTtc,0.0
HISyLATtc,0.0
HISyLATthc,0.0
HMGCOARc,0.0012240600000000285
ILELAT1tc,0.0007531852000000001
ILEPHELAT2tc,0.0003166962
IPDPtx,0.0
LACLt,0.0
LEUPHELAT2tc,0.0003166962
LEUyLAThtc,0.0
LINOFATPtc,0.0
LPCHOLt,0.0
MAGt,0.0
METyLATthc,0.0
MEVK1c,0.0012240600000000287
OCD11COACPT1,0.0
OCD11CRNCACT,0.0
OCD11CRNCPT2,0.0
OCDEAFABP1tc,0.0
PALFATPtc,0.0
PCHOLHSTDe,0.0
PEt,0.0
PHEMEe,0.005230534399999999
PHEyLATthc,0.0
PMEVKc,0.0012240600000000285
PNTOte,0.0
PPItm,0.006495220949999978
PRISTCOAtcx,0.0
PRO_Dtde,0.0
PSt3,0.0
PTCRTD,-6.970080000000002e-05
Q10H2e,0.0
q10h2tc,0.0
q10tm,0.0
R_group_phosphotase_1,0.0
R_group_phosphotase_3,0.0
r0051,0.0
r0130,0.0022126477999999997
r0166,0.0
r0205,0.0
r0801,-0.0050212572
r0804,0.0
r0812,0.0
r0813,0.0
r0817,0.0014070235999999999
r0818,0.0
r0819,0.0002595549
r0821,0.0002595549
r0822,0.0002595549
r0825,0.0
r0826,0.0
r0834,0.00021916630000000018
r0836,-0.00021916630000000018
r0838,-0.029710386503333193
r0841,-0.0010218875000000006
r0845,0.0
r0853,0.0
r0859,0.0
r0870,0.0
r0879,0.0006656161999999999
r0885,-0.003009192299999991
r0892,0.0
r0899,0.0
r0907,6.970080000000002e-05
r0911,0.0
r0913,0.0009957586533331638
r0915,0.0071449422
r0917,0.0023532083900000894
r0921,0.0
r0925,0.0
r0926,0.0
r0927,0.0
r0934,0.0
r0940,0.0
r0941,0.0
r0942,0.0007276128
r0946,1.90906e-05
r0947,0.00034615160000000004
r0954,0.0
r0962,0.0022127097
r0963,0.0
r0968,0.0
r0973,0.0
r0975,0.0
r0983,0.0
r0984,0.0
r0990,0.0
r0995,0.0
r0998,0.0
r1005,0.038301115799999966
r1006,0.0
r1007,0.0
r1008,0.0
r1013,0.0
r1014,0.0
r1030,0.0
r1051,-0.00020401000000000013
r1059,0.0
r1061,0.0
r1062,0.0
r1063,0.0
r1064,0.0
r1068,0.0
r1071,0.0
r1073,0.0
r1074,0.0
r1076,0.0
r1077,0.0
r1078,0.0
r1080,0.0
r1082,0.0
r1106,0.0
r1117,0.0
r1128,0.0
r1131,0.0
r1140,0.0
r1147,0.0071449422
r1148,0.0
r1150,0.0
r1155,0.0
r1162,0.0
r1291,-0.0014741270000000002
r1292,0.0
r1401,0.0007752445999999985
r1418,0.0016140413
r1434,0.0003835084
r1454,0.0
r1459,0.0
r1492,0.0012354437000000002
r1514,0.0
r1515,0.0
r1516,0.0
r1517,0.0
r1518,0.0
r1519,0.0
r1520,0.0
r1521,0.0
r1522,0.0
r1523,0.0
r1525,0.0
r1529,0.0
r1530,0.0
r1531,0.0
r1532,0.0
r1533,0.0
r1536,0.0
r1544,0.0007531852000000001
r1546,0.0007531852000000001
r1547,0.0007531852000000001
r1548,0.0007531852000000001
r1549,0.0007531852000000001
r1551,0.0007531852000000001
r1552,0.0007531852000000001
r1553,0.0007531852000000001
r1554,0.0007531852000000001
r1556,0.0007531852000000001
r1557,0.0007531852000000001
r1559,0.0007531852000000001
r1560,0.0007531852000000001
r1561,0.0007531852000000001
r1562,0.0007531852000000001
r1563,0.0007531852000000001
r1564,0.0007531852000000001
r1565,0.0007531852000000001
r1566,0.0007531852000000001
r1567,0.0007531852000000001
r1568,0.0007531852000000001
r1569,0.0007531852000000001
r1570,0.0007531852000000001
r1571,0.0007531852000000001
r1573,0.0007531852000000001
r1574,0.0007531852000000001
r1575,0.0007531852000000001
r1576,0.0007531852000000001
r1578,0.0007531852000000001
r1579,0.0007531852000000001
r1580,0.0007531852000000001
r1581,0.0007531852000000001
r1583,0.0007531852000000001
r1584,0.0007531852000000001
r1585,0.0007531852000000001
r1586,0.0007531852000000001
r1587,0.0007531852000000001
r1588,0.0007531852000000001
r1589,0.0007531852000000001
r1590,0.0007531852000000001
r1591,0.0007531852000000001
r1592,0.0007531852000000001
r1593,0.0007531852000000001
r1594,0.0007531852000000001
r1595,0.0007531852000000001
r1596,0.0007531852000000001
r1597,0.0007531852000000001
r1598,0.0007531852000000001
r1599,0.0007531852000000001
r1600,0.0007531852000000001
r1602,0.0007531852000000001
r1603,0.0007531852000000001
r1604,0.0007531852000000001
r1605,0.0007531852000000001
r1606,0.0007531852000000001
r1607,-0.0007097486000000062
r1608,0.0007531852000000001
r1609,0.0007531852000000001
r1610,0.0007531852000000001
r1611,0.0007531852000000001
r1612,0.0007531852000000001
r1613,0.0007531852000000001
r1614,0.00014952230000000013
r1615,0.0007531852000000001
r1616,0.0007531852000000001
r1617,0.0007531852000000001
r1621,0.0007531852000000001
r1625,0.0007531852000000001
r1627,0.0007531852000000001
r1628,0.0007531852000000001
r1629,0.0007531852000000001
r1630,0.0007531852000000001
r1631,0.0007531852000000001
r1632,0.0007531852000000001
r1633,0.0007531852000000001
r1634,0.0007531852000000001
r1635,0.0007531852000000001
r1636,0.0007531852000000001
r1637,0.0007531852000000001
r1638,0.0007531852000000001
r1639,0.0007531852000000001
r1640,0.0007531852000000001
r1641,0.0007531852000000001
r1642,0.0007531852000000001
r1643,0.0007531852000000001
r1645,0.0007531852000000001
r1646,0.0007531852000000001
r1648,0.0007531852000000001
r1649,0.0007531852000000001
r1650,0.0007531852000000001
r1651,0.0007531852000000001
r1652,0.0007531852000000001
r1653,0.0007531852000000001
r1654,0.0007531852000000001
r1655,0.0007531852000000001
r1656,0.0007531852000000001
r1657,0.0007531852000000001
r1658,0.0007531852000000001
r1659,0.0007531852000000001
r1660,0.0007531852000000001
r1661,0.0007531852000000001
r1662,0.0007531852000000001
r1664,0.0009364086
r1665,0.0083985266
r1666,0.0009364086
r1667,0.0009364086
r1668,0.0015953194000000019
r1669,0.0009364086
r1670,0.0010369600000000002
r1671,-0.004494372365000695
r1672,0.0009364086
r1673,0.0009364086
r1674,0.0009364086
r1675,0.0009364086
r1676,0.0009364086
r1677,0.0009364086
r1678,0.0009364086
r1679,0.0009364086
r1680,0.0009364086
r1681,0.0009364086
r1682,0.0009364086
r1683,0.0009364086
r1684,0.0009364086
r1685,0.0009364086
r1686,0.0009364086
r1687,0.0009364086
r1690,0.0009364086
r1691,0.0009364086
r1692,0.0009364086
r1693,0.0009364086
r1695,0.0009364086
r1696,0.0009364086
r1698,0.0
r1700,0.0
r1701,0.0005608146250008695
r1702,0.0009364086
r1705,0.0009364086
r1706,0.0009364086
r1707,0.0009364086
r1708,0.0009364086
r1710,0.0009364086
r1711,0.0009364086
r1713,0.0009364086
r1715,0.0009364086
r1716,0.0
r1717,0.0009364086
r1720,0.0009364086
r1721,0.0009364086
r1722,0.0009364086
r1723,0.0009364086
r1725,0.0009364086
r1726,0.0009364086
r1728,0.0
r1730,0.0004891130399997838
r1731,0.0
r1732,0.0
r1733,0.0009364086
r1734,0.0009364086
r1735,0.0009364086
r1736,0.0009364086
r1737,0.0009364086
r1738,0.0009364086
r1739,0.0009364086
r1740,0.0004893511000000023
r1741,0.0009364086
r1742,0.0009364086
r1743,0.0
r1744,0.0009364086
r1745,0.0
r1746,0.0
r1747,0.0
r1748,0.0009364086
r1749,0.0009364086
r1750,0.0009364086
r1751,0.0009364086
r1752,0.0009364086
r1753,0.0009364086
r1754,0.0009364086
r1755,0.0
r1756,0.0009364086
r1757,0.0009364086
r1758,0.0
r1759,0.0009364086
r1760,0.0
r1761,0.0
r1762,0.0009364086
r1763,0.0009364086
r1764,0.0009364086
r1765,0.0009364086
r1766,0.0009364086
r1767,0.0009364086
r1768,0.0009364086
r1769,0.0009364086
r1770,0.0009364086
r1771,0.0009364086
r1772,0.0009364086
r1773,0.0
r1774,0.0009364086
r1775,0.0009364086
r1776,0.0
r1777,0.0009364086
r1778,0.0009364086
r1779,0.0009364086
r1780,0.0009364086
r1781,0.0009364086
r1782,0.0009364086
r1783,0.0009364086
r1784,0.0009364086
r1785,0.0009364086
r1786,0.0009364086
r1787,0.0009364086
r1788,0.0009364086
r1789,0.0009364086
r1790,0.0007903134250009102
r1791,0.0001655172249991208
r1792,0.0009364086
r1796,0.0009364086
r1797,0.0009364086
r1798,0.0009364086
r1799,0.0009364086
r1800,0.0009364086
r1801,0.0009364086
r1803,0.0005955178999999971
r1805,0.0009364086
r1806,0.0001313671000000077
r1807,0.0009364086
r1808,0.0009364086
r1809,0.0009364086
r1810,0.0009364086
r1811,0.0009364086
r1812,0.0009364086
r1813,0.0009364086
r1814,0.0009364086
r1815,0.0009364086
r1816,0.0009364086
r1817,0.0009364086
r1818,0.0009364086
r1819,0.0009364086
r1820,0.0009364086
r1821,0.0009364086
r1822,0.0009364086
r1823,0.0009364086
r1824,0.0009364086
r1825,0.0009364086
r1826,0.0009364086
r1827,0.0009364086
r1828,0.0009364086
r1829,0.0009364086
r1830,0.0009364086
r1831,0.0009364086
r1832,0.0009364086
r1833,0.0009364086
r1834,0.0009364086
r1835,0.0009364086
r1836,0.0
r1837,0.0009364086
r1841,0.0009364086
r1842,0.0009364086
r1843,0.0009364086
r1844,0.0009364086
r1846,0.0009364086
r1847,0.0009364086
r1848,0.0009364086
r1850,0.0
r1851,0.0
r1852,0.0009364086
r1853,0.0009364086
r1854,0.0009364086
r1855,0.0009364086
r1856,0.0009364086
r1857,0.0009364086
r1858,0.0009364086
r1859,0.0009364086
r1860,0.0009364086
r1861,0.0009364086
r1862,0.0009364086
r1863,0.0009364086
r1864,0.0009364086
r1865,0.0009364086
r1866,0.0009364086
r1867,0.0009364086
r1871,0.0009364086
r1872,0.0009364086
r1873,0.0009364086
r1874,0.0009364086
r1876,0.0009364086
r1877,0.0009364086
r1879,0.0009364086
r1880,0.0009364086
r1881,0.0
r1882,0.0009364086
r1883,0.0009364086
r1884,0.0009364086
r1885,0.0009364086
r1886,0.0009364086
r1887,0.0009364086
r1888,0.0009364086
r1889,0.0009364086
r1890,0.0009364086
r1891,0.0009364086
r1892,0.0009364086
r1893,0.0009364086
r1894,0.0009364086
r1895,0.0009364086
r1896,0.0009364086
r1897,0.0009364086
r1898,0.0009364086
r1899,0.0009364086
r1900,0.0009364086
r1901,0.0009364086
r1902,0.0009364086
r1903,0.0009364086
r1904,0.0009364086
r1905,0.0009364086
r1906,0.0009364086
r1907,0.0009364086
r1908,0.0009364086
r1909,0.0009364086
r1910,0.0009364086
r1911,0.0009364086
r1912,0.0
r1913,0.0
r1914,0.0
r1915,0.0009364086
r1916,0.0
r1917,0.0
r1918,0.0
r1919,0.0
r1920,0.0009364086
r1921,0.0
r1922,0.0
r1923,0.0
r1924,0.0
r1925,0.0009364086
r1926,0.0
r1928,0.0
r1929,0.0
r1930,0.0009364086
r1931,0.0
r1932,0.0
r1933,0.0
r1934,0.0
r1935,0.0009364086
r1936,0.0
r1937,0.0
r1938,0.0
r1939,0.0
r1940,0.0009364086
r1941,0.0
r1942,0.0
r1943,0.0
r1944,0.0
r1945,0.0009364086
r1946,0.0
r1947,0.0
r1948,0.0
r1949,0.0
r1950,0.0009364086
r1951,0.0
r1952,0.0
r1953,0.0
r1954,0.0
r1955,0.0009364086
r1956,0.0
r1957,0.0
r1958,0.0
r1959,0.0
r1960,0.0009364086
r1961,0.0
r1962,0.0
r1963,0.0
r1964,0.0
r1965,0.0009364086
r1966,0.0
r1967,0.0
r1968,0.0
r1969,0.0
r1970,0.0009364086
r1971,0.0
r1972,0.0009364086
r1973,0.0
r1974,0.0
r1975,0.0009364086
r1976,0.0
r1977,0.0
r1978,0.0
r1979,0.0
r1980,0.0009364086
r1981,0.0
r1982,0.0009364086
r1983,0.0009364086
r1984,0.0
r1985,0.0009364086
r1986,0.0002590323650006961
r1987,0.0009364086
r1988,0.0009364086
r1989,0.0009364086
r1990,0.0009364086
r1991,0.0009364086
r2073,1.68545e-05
r2080,0.0037813706000000002
r2081,-0.0113441118
r2082,0.0037813706000000002
r2083,0.0037813706000000002
r2084,0.0037813706000000002
r2085,0.0037813706000000002
r2087,-0.007562741199999997
r2088,0.0037813706000000002
r2089,0.0037813706000000002
r2090,-0.007562741200000004
r2091,0.0037813706000000002
r2092,0.0037813706000000002
r2093,-0.029120251430000264
r2094,0.0037813706000000002
r2095,0.0037813706000000002
r2096,0.0037813706000000002
r2098,-0.006540634103333158
r2101,0.0037813706000000002
r2102,0.0037813706000000002
r2103,0.0037813706000000002
r2104,0.0037813706000000002
r2105,0.0037813706000000002
r2106,0.0037813706000000002
r2107,0.0037813706000000002
r2108,0.0037813706000000002
r2109,0.0037813706000000002
r2110,0.0037813706000000002
r2111,0.0037813706000000002
r2112,0.0037813706000000002
r2113,0.0037813706000000002
r2114,-0.0075627412000000005
r2115,0.0037813706000000002
r2116,0.0037813706000000002
r2117,0.0037813706000000002
r2118,0.0037813706000000002
r2119,0.0037813706000000002
r2120,0.0037813706000000002
r2121,0.0037813706000000002
r2122,0.002759263503333158
r2123,0.0037813706000000002
r2124,-0.002759263503333158
r2125,0.0037813706000000002
r2126,0.0037813706000000002
r2127,0.0037813706000000002
r2128,0.0037813706000000002
r2129,-0.016147589496666843
r2130,0.0037813706000000002
r2131,0.0037813706000000002
r2132,0.0037813706000000002
r2133,0.0037813706000000002
r2137,0.0
r2160,0.0
r2187,0.0
r2193,0.0
r2199,0.0
r2207,0.0
r2211,0.0
r2308,-0.0017730898000000183
r2312,-0.0002853540999999994
r2328,0.0
r2342,-0.0011895823000000001
r2353,0.0
r2371,0.0071449422
r2372,0.0071449422
r2373,0.0071449422
r2374,0.0071449422
r2375,0.0071449422
r2376,0.0003367804000000132
r2377,0.0071449422
r2378,0.0071449422
r2379,0.0071449422
r2380,-0.007144942199999998
r2381,0.0
r2382,0.0
r2384,0.0
r2385,0.0
r2386,0.0
r2387,0.0
r2388,0.0
r2389,0.0
r2390,0.0
r2391,0.0
r2392,0.0
r2393,0.003998221299999999
r2394,0.0
r2419,0.0002595549
r2420,-0.00033678040000001435
r2425,0.0
r2433,0.0
r2449,0.0
r2465,1.685449999999991e-05
r2471,0.0
r2472,0.0
r2473,0.00036730449999999946
r2499,0.0
r2501,0.0
r2502,0.0
r2503,0.0
r2505,0.0
r2509,0.0
r2510,0.0
r2511,0.0
r2512,0.0
r2516,0.0
r2517,0.0
r2519,0.0
r2520,0.0030091923
r2525,0.0009771007
r2526,0.0009771007
r2532,0.0009771007
r2534,0.0009771007
r2535,0.0009771007
r2537,0.0
r2539,-0.0022969470999999993
RIBFLVte,0.0
RTOTAL2FATPc,0.0
RTOTAL2t,0.0
RTOTAL3FATPc,0.0
RTOTALFATPc,0.0
SBCOAACOTx,0.0
SCP21cx,0.0
SEBACACT,0.0
SEBACIDTD,0.0
SEBCOACROT,0.0
SEBCOAPET,0.0
Ser_Thrtg,0.0
SPR,0.0
STCOATxc,0.0
SUBEACTD,0.0
SUBERCACT,-0.0010774733999999906
SUBERCROT,0.0
SUBERICACT,0.0
SUCCOAPET,0.0
TAGt,0.0
TAUBETAtc,0.0027722661
TAUPAT1c,0.0018939004000000001
TAURCHAe,0.0
THRPHELAT2tc,0.0003166962
TYRPHELAT2tc,0.0003166962
VALLAT1tc,0.0007531852000000001
VALPHELAT2tc,0.0003166962
VITEtl,0.0
TR_thcholstmc,0.0
AG13T17g,0.0
AG13T2g,0.0
C161CPT2,0.0007752446
C181CPT1,0.0
C181CPT2,0.0
C181CRNt,0.0015143492000000002
G14T19g,0.0
G14T3g,0.0
OCTDECCACT,-0.003024616199999995
OCTDECCPT1,0.0
OCTDECCPT2,0.0
r1116,0.0
S6T16g,0.0
S6T1g,0.0
EX_HC01610_LPAREN_e_RPAREN_,0.0
EX_HC02179_LPAREN_e_RPAREN_,0.0
EX_HC02176_LPAREN_e_RPAREN_,0.0
EX_tdcrn,0.0
DM_MNXM8_m,0.0
DM_MNXM96415_m,0.0
DM_13_cis_oretn_n_,0.0
DM_13_cis_retn_n_,0.0
DM_1a25dhvitd3_LPAREN_n_RPAREN_,0.0
DM_4abut_LPAREN_n_RPAREN_,0.0
DM_4hrpo,0.0
DM_5hpet_LPAREN_r_RPAREN_,0.0
DM_anth,0.0
DM_Asn_X_Ser_Thr_ly_,0.0
DM_avite1_c_,0.0
DM_btn,0.0
DM_core5_g_,0.0
DM_core7_g_,0.0
DM_core8_g_,0.0
DM_datp_m_,0.0
DM_datp_n_,0.0
DM_dctp_m_,0.0
DM_dctp_n_,0.0
DM_dem2emgacpail_prot_hs_r_,0.0
DM_dgpi_prot_hs_r_,0.0
DM_dgtp_m_,0.0
DM_dgtp_n_,0.0
DM_dsT_antigen_g_,0.0
DM_dttp_m_,0.0
DM_dttp_n_,0.0
DM_ethamp_r_,0.0
DM_fol,0.0
DM_gncore2_g_,0.0
DM_gpi_sig_er_,0.0
DM_hretn_n_,0.0
DM_kdn_c_,0.0
DM_Lcystin,0.0018824965500000151
DM_melanin_c_,0.0
DM_mem2emgacpail_prot_hs_r_,0.0
DM_n5m2masn_g_,0.0
DM_ncam,0.0
DM_oretn_n_,0.0
DM_pe_hs_LPAREN_r_RPAREN_,0.0
DM_pmtcoa_LPAREN_r_RPAREN_,0.0
DM_pnto_R,0.0
DM_Ser_Gly_Ala_X_Gly_ly_,0.0
DM_Ser_Thr_ly_,0.0
DM_sTn_antigen_g_,0.0
DM_T_antigen_g_,0.0
DM_taur_LPAREN_c_RPAREN_,0.0
EX_10fthf_LPAREN_e_RPAREN_,0.0
EX_10fthf5glu_LPAREN_e_RPAREN_,0.0
EX_10fthf6glu_LPAREN_e_RPAREN_,0.0
EX_10fthf7glu_LPAREN_e_RPAREN_,0.0
EX_11_cis_retfa_LPAREN_e_RPAREN_,0.0
EX_13_cis_retnglc_LPAREN_e_RPAREN_,0.0
EX_1glyc_hs_LPAREN_e_RPAREN_,0.0
EX_1mncam_LPAREN_e_RPAREN_,0.0
EX_2425dhvitd2_LPAREN_e_RPAREN_,0.0
EX_2425dhvitd3_LPAREN_e_RPAREN_,0.0
EX_24nph_LPAREN_e_RPAREN_,0.0
EX_25hvitd2_LPAREN_e_RPAREN_,0.0
EX_25hvitd3_LPAREN_e_RPAREN_,0.0
EX_2hb_LPAREN_e_RPAREN_,0.0
EX_2mcit_LPAREN_e_RPAREN_,0.0
EX_34dhoxpeg_LPAREN_e_RPAREN_,0.0
EX_34dhphe_LPAREN_e_RPAREN_,0.0
EX_34hpp,0.0
EX_35cgmp_LPAREN_e_RPAREN_,0.0
EX_3aib_D_LPAREN_e_RPAREN_,0.0
EX_3aib_LPAREN_e_RPAREN_,0.0002072809
EX_3bcrn,0.0
EX_3ddcrn,0.0
EX_3deccrn,0.0
EX_3hdececrn,0.0
EX_3hexdcrn,0.0
EX_3ivcrn,0.0
EX_3mlda_LPAREN_e_RPAREN_,0.0
EX_3mob_LPAREN_e_RPAREN_,0.0
EX_3mop_LPAREN_e_RPAREN_,0.0
EX_3octdec2crn,0.0
EX_3octdeccrn,0.0
EX_3octdece1crn,0.0
EX_3tdcrn,0.0
EX_3tetd7ecoacrn,0.0
EX_3thexddcoacrn,0.0
EX_3ttetddcoacrn,0.0
EX_4abut_LPAREN_e_RPAREN_,0.0020827772099997147
EX_4abutn_LPAREN_e_RPAREN_,0.0
EX_4hdebrisoquine_LPAREN_e_RPAREN_,0.0
EX_4hphac_LPAREN_e_RPAREN_,0.0
EX_4hpro_LPAREN_e_RPAREN_,0.0
EX_4mop_LPAREN_e_RPAREN_,0.0
EX_4mptnl_LPAREN_e_RPAREN_,0.0
EX_4mtolbutamide_LPAREN_e_RPAREN_,0.0
EX_4nph_LPAREN_e_RPAREN_,0.0
EX_4nphsf_LPAREN_e_RPAREN_,0.0
EX_4pyrdx_LPAREN_e_RPAREN_,0.0
EX_5adtststerone_LPAREN_e_RPAREN_,0.0
EX_5adtststeroneglc_LPAREN_e_RPAREN_,0.0
EX_5adtststerones_LPAREN_e_RPAREN_,0.0
EX_5dhf_LPAREN_e_RPAREN_,0.0
EX_5fthf_LPAREN_e_RPAREN_,0.0
EX_5homeprazole_LPAREN_e_RPAREN_,0.0
EX_5htrp_LPAREN_e_RPAREN_,0.0
EX_5mta_LPAREN_e_RPAREN_,0.0
EX_5mthf_LPAREN_e_RPAREN_,0.0
EX_5oxpro_LPAREN_e_RPAREN_,0.0
EX_5thf_LPAREN_e_RPAREN_,0.0
EX_6dhf_LPAREN_e_RPAREN_,0.0
EX_6htststerone_LPAREN_e_RPAREN_,0.0
EX_6thf_LPAREN_e_RPAREN_,0.0
EX_7dhf_LPAREN_e_RPAREN_,0.0
EX_7thf_LPAREN_e_RPAREN_,0.0
EX_9_cis_retfa_LPAREN_e_RPAREN_,0.0
EX_abt_LPAREN_e_RPAREN_,0.0
EX_ac_LPAREN_e_RPAREN_,0.0
EX_acac_LPAREN_e_RPAREN_,0.0
EX_acald_LPAREN_e_RPAREN_,0.0
EX_acetone_LPAREN_e_RPAREN_,0.0
EX_acgalfucgalacgalfuc12gal14acglcgalgluside_hs_LPAREN_e_RPAREN_,0.0
EX_acgalfucgalacgalfucgalacglcgal14acglcgalgluside_hs_LPAREN_e_RPAREN_,0.0
EX_acgam_LPAREN_e_RPAREN_,0.0
EX_ach_LPAREN_e_RPAREN_,0.0
EX_acmana_LPAREN_e_RPAREN_,0.0
EX_acn13acngalgbside_hs_LPAREN_e_RPAREN_,0.0
EX_acn23acngalgbside_hs_LPAREN_e_RPAREN_,0.0
EX_acnacngal14acglcgalgluside_hs_LPAREN_e_RPAREN_,0.0
EX_acnacngalgbside_hs_LPAREN_e_RPAREN_,0.0
EX_acngalacglcgal14acglcgalgluside_hs_LPAREN_e_RPAREN_,0.0
EX_ade_LPAREN_e_RPAREN_,0.0
EX_adn_LPAREN_e_RPAREN_,0.0
EX_adp,0.0
EX_adprbp_LPAREN_e_RPAREN_,0.0
EX_adprib_LPAREN_e_RPAREN_,0.0
EX_adrn_LPAREN_e_RPAREN_,0.0
EX_adrnl_LPAREN_e_RPAREN_,0.0
EX_aflatoxin_LPAREN_e_RPAREN_,0.0
EX_ahandrostanglc_LPAREN_e_RPAREN_,0.0
EX_ahcys_LPAREN_e_RPAREN_,0.0
EX_ahdt_LPAREN_e_RPAREN_,0.0
EX_aicar_LPAREN_e_RPAREN_,0.0
EX_ak2lgchol_hs_LPAREN_e_RPAREN_,0.0
EX_akg_LPAREN_e_RPAREN_,0.007938877103333405
EX_ala_B_LPAREN_e_RPAREN_,0.0
EX_ala_D_LPAREN_e_RPAREN_,0.0
EX_ala_L_LPAREN_e_RPAREN_,0.0
EX_alaala_LPAREN_e_RPAREN_,0.0
EX_aldstrn_LPAREN_e_RPAREN_,0.0
EX_amp_LPAREN_e_RPAREN_,0.0
EX_andrstrn_LPAREN_e_RPAREN_,0.0
EX_andrstrnglc_LPAREN_e_RPAREN_,0.0
EX_anth_LPAREN_e_RPAREN_,0.0
EX_antipyrene_LPAREN_e_RPAREN_,0.0
EX_apnnox_LPAREN_e_RPAREN_,0.0
EX_appnn_LPAREN_e_RPAREN_,0.0
EX_aprgstrn_LPAREN_e_RPAREN_,0.0
EX_aqcobal_LPAREN_e_RPAREN_,0.0
EX_arab_L_LPAREN_e_RPAREN_,0.0
EX_arach_LPAREN_e_RPAREN_,0.0
EX_arachd_LPAREN_e_RPAREN_,0.0
EX_arg_L_LPAREN_e_RPAREN_,-0.003938751600000002
EX_ascb_L_LPAREN_e_RPAREN_,0.0
EX_asn_L_LPAREN_e_RPAREN_,-0.0028155078000000056
EX_asp_D_LPAREN_e_RPAREN_,0.0
EX_asp_L_LPAREN_e_RPAREN_,-0.002355789000000001
EX_atp_LPAREN_e_RPAREN_,0.0
EX_avite1_LPAREN_e_RPAREN_,0.0
EX_bhb_LPAREN_e_RPAREN_,0.0
EX_bildglcur_LPAREN_e_RPAREN_,0.0
EX_bilglcur_LPAREN_e_RPAREN_,0.0
EX_bilirub_LPAREN_e_RPAREN_,0.0
EX_biocyt_LPAREN_e_RPAREN_,0.0
EX_btn_LPAREN_e_RPAREN_,0.0
EX_but_LPAREN_e_RPAREN_,0.0
EX_bz_LPAREN_e_RPAREN_,0.0
EX_C02470_LPAREN_e_RPAREN_,0.0
EX_C02528_LPAREN_e_RPAREN_,0.0
EX_c101crn,0.0
EX_c10crn,0.0
EX_c10dc,0.0
EX_c12dc,0.0
EX_c16dc,0.0
EX_c3dc,0.0
EX_c4crn,0.0
EX_c4dc,0.0
EX_c51crn,0.0
EX_c5dc,0.0
EX_c6crn,0.0
EX_c6dc,0.0
EX_c81crn,0.0
EX_c8crn,0.0
EX_ca2_LPAREN_e_RPAREN_,0.0
EX_camp_LPAREN_e_RPAREN_,0.0
EX_carn_LPAREN_e_RPAREN_,0.0
EX_caro_LPAREN_e_RPAREN_,0.0
EX_carveol_LPAREN_e_RPAREN_,0.0
EX_cbasp_LPAREN_e_RPAREN_,0.0
EX_cdp_LPAREN_e_RPAREN_,0.0
EX_cgly_LPAREN_e_RPAREN_,0.0
EX_chol_LPAREN_e_RPAREN_,-0.001727792866666667
EX_cholate_LPAREN_e_RPAREN_,0.0
EX_chsterol_LPAREN_e_RPAREN_,0.0
EX_chtn_LPAREN_e_RPAREN_,0.0
EX_cit_LPAREN_e_RPAREN_,0.0
EX_citr_L_LPAREN_e_RPAREN_,0.0
EX_cl_LPAREN_e_RPAREN_,0.0
EX_CLPND_LPAREN_e_RPAREN_,0.0
EX_cmp_LPAREN_e_RPAREN_,0.0
EX_co_LPAREN_e_RPAREN_,0.0
EX_co2_LPAREN_e_RPAREN_,0.0016140413
EX_coumarin_LPAREN_e_RPAREN_,0.0
EX_creat_LPAREN_e_RPAREN_,0.0
EX_crmp_hs_LPAREN_e_RPAREN_,0.0
EX_crn_LPAREN_e_RPAREN_,0.0
EX_crtsl_LPAREN_e_RPAREN_,0.0
EX_crtstrn_LPAREN_e_RPAREN_,0.0
EX_crvnc_LPAREN_e_RPAREN_,0.0
EX_csn_LPAREN_e_RPAREN_,0.0
EX_cspg_a_LPAREN_e_RPAREN_,0.0
EX_cspg_b_LPAREN_e_RPAREN_,0.0
EX_cspg_c_LPAREN_e_RPAREN_,0.0
EX_cspg_d_LPAREN_e_RPAREN_,0.0
EX_cspg_e_LPAREN_e_RPAREN_,0.0
EX_ctp_LPAREN_e_RPAREN_,0.0
EX_cyan_LPAREN_e_RPAREN_,0.0
EX_cys_L_LPAREN_e_RPAREN_,0.0
EX_cytd_LPAREN_e_RPAREN_,0.0
EX_dad_2_LPAREN_e_RPAREN_,0.0
EX_dag_hs_LPAREN_e_RPAREN_,0.0
EX_dca_LPAREN_e_RPAREN_,0.0
EX_dcsptn1_LPAREN_e_RPAREN_,0.0
EX_dcyt_LPAREN_e_RPAREN_,0.0
EX_ddece1crn,0.0
EX_debrisoquine_LPAREN_e_RPAREN_,0.0
EX_decdicrn,0.0
EX_dgchol_LPAREN_e_RPAREN_,0.0
EX_dgmp_LPAREN_e_RPAREN_,0.0
EX_dgsn_LPAREN_e_RPAREN_,0.0
EX_dgtp_LPAREN_e_RPAREN_,0.0
EX_dha_LPAREN_e_RPAREN_,0.0
EX_dhap_LPAREN_e_RPAREN_,0.0
EX_dhdascb_LPAREN_e_RPAREN_,0.0
EX_dheas_LPAREN_e_RPAREN_,0.0
EX_dhf_LPAREN_e_RPAREN_,0.0
EX_digalsgalside_hs_LPAREN_e_RPAREN_,0.0
EX_din_LPAREN_e_RPAREN_,0.0
EX_dlnlcg_LPAREN_e_RPAREN_,0.0
EX_dmantipyrine_LPAREN_e_RPAREN_,0.0
EX_dmhptcrn_LPAREN_e_RPAREN_,0.0
EX_doco13ac,0.0
EX_docosac,0.0
EX_docosdiac,0.0
EX_dopa_LPAREN_e_RPAREN_,0.0
EX_dopasf_LPAREN_e_RPAREN_,0.0
EX_drib_LPAREN_e_RPAREN_,0.0
EX_dtdp_LPAREN_e_RPAREN_,0.0
EX_dtmp_LPAREN_e_RPAREN_,0.0
EX_dttp_LPAREN_e_RPAREN_,0.0
EX_duri_LPAREN_e_RPAREN_,0.0
EX_eaflatoxin_LPAREN_e_RPAREN_,0.0
EX_ebastine_LPAREN_e_RPAREN_,0.0
EX_ebastineoh_LPAREN_e_RPAREN_,0.0
EX_eicostet_LPAREN_e_RPAREN_,0.0
EX_elaid_LPAREN_e_RPAREN_,0.0
EX_estradiol_LPAREN_e_RPAREN_,0.0
EX_estradiolglc_LPAREN_e_RPAREN_,0.0
EX_estriolglc_LPAREN_e_RPAREN_,0.0
EX_estroneglc_LPAREN_e_RPAREN_,0.0
EX_estrones_LPAREN_e_RPAREN_,0.0
EX_etoh_LPAREN_e_RPAREN_,0.0
EX_fad_LPAREN_e_RPAREN_,0.0
EX_fald_LPAREN_e_RPAREN_,0.0
EX_fe2_LPAREN_e_RPAREN_,0.0
EX_fe3_LPAREN_e_RPAREN_,0.0
EX_fmn_LPAREN_e_RPAREN_,0.0
EX_fol_LPAREN_e_RPAREN_,0.0
EX_for_LPAREN_e_RPAREN_,0.0
EX_fru_LPAREN_e_RPAREN_,0.0
EX_fuc_L_LPAREN_e_RPAREN_,0.0
EX_fuc13galacglcgal14acglcgalgluside_hs_LPAREN_e_RPAREN_,0.0
EX_fuc14galacglcgalgluside_hs_LPAREN_e_RPAREN_,0.0
EX_fucacgalfucgalacglcgalgluside_hs_LPAREN_e_RPAREN_,0.0
EX_fucacngal14acglcgalgluside_hs_LPAREN_e_RPAREN_,0.0
EX_fucacngalacglcgalgluside_hs_LPAREN_e_RPAREN_,0.0
EX_fucfuc12gal14acglcgalgluside_hs_LPAREN_e_RPAREN_,0.0
EX_fucfuc132galacglcgal14acglcgalgluside_hs_LPAREN_e_RPAREN_,0.0
EX_fucfucfucgalacglc13galacglcgal14acglcgalgluside_hs_LPAREN_e_RPAREN_,0.0
EX_fucfucfucgalacglcgal14acglcgalgluside_hs_LPAREN_e_RPAREN_,0.0
EX_fucfucgalacglcgalgluside_hs_LPAREN_e_RPAREN_,0.0
EX_fucgal14acglcgalgluside_hs_LPAREN_e_RPAREN_,0.0
EX_fucgalfucgalacglcgalgluside_hs_LPAREN_e_RPAREN_,0.0
EX_fucgalgbside_hs_LPAREN_e_RPAREN_,0.0
EX_g1p_LPAREN_e_RPAREN_,0.0
EX_gal_LPAREN_e_RPAREN_,0.0
EX_galacglcgalgbside_hs_LPAREN_e_RPAREN_,0.0
EX_galfuc12gal14acglcgalgluside_hs_LPAREN_e_RPAREN_,0.0
EX_galfucgalacglcgal14acglcgalgluside_hs_LPAREN_e_RPAREN_,0.0
EX_galgalfucfucgalacglcgalacglcgal14acglcgalgluside_hs_LPAREN_e_RPAREN_,0.0
EX_galgalgalthcrm_hs_LPAREN_e_RPAREN_,0.0
EX_gam_LPAREN_e_RPAREN_,0.0
EX_gbside_hs_LPAREN_e_RPAREN_,0.0
EX_gchola_LPAREN_e_RPAREN_,0.0
EX_gd1b2_hs_LPAREN_e_RPAREN_,0.0
EX_gd1c_hs_LPAREN_e_RPAREN_,0.0
EX_gdp_LPAREN_e_RPAREN_,0.0
EX_glc_LPAREN_e_RPAREN_,-0.034657676413333414
EX_gln_L_LPAREN_e_RPAREN_,-0.020919983103333192
EX_glu_L_LPAREN_e_RPAREN_,0.0
EX_gluala_LPAREN_e_RPAREN_,0.0
EX_gly_LPAREN_e_RPAREN_,0.0
EX_glyb_LPAREN_e_RPAREN_,0.0
EX_glyc_LPAREN_e_RPAREN_,0.0
EX_glyc_S_LPAREN_e_RPAREN_,0.0
EX_glygly_LPAREN_e_RPAREN_,0.0
EX_glygn2_LPAREN_e_RPAREN_,0.0
EX_glygn4_LPAREN_e_RPAREN_,0.0
EX_glygn5_LPAREN_e_RPAREN_,0.0
EX_glyleu_LPAREN_e_RPAREN_,0.0
EX_glyphe_LPAREN_e_RPAREN_,0.0
EX_glypro_LPAREN_e_RPAREN_,0.0
EX_glysar_LPAREN_e_RPAREN_,0.0
EX_gmp_LPAREN_e_RPAREN_,0.0
EX_gp1c_hs_LPAREN_e_RPAREN_,0.0
EX_gp1calpha_hs_LPAREN_e_RPAREN_,0.0
EX_gq1b_hs_LPAREN_e_RPAREN_,0.0
EX_gq1balpha_hs_LPAREN_e_RPAREN_,0.0
EX_gsn_LPAREN_e_RPAREN_,0.0
EX_gt1a_hs_LPAREN_e_RPAREN_,0.0
EX_gthox_LPAREN_e_RPAREN_,0.0
EX_gthrd_LPAREN_e_RPAREN_,-0.004271091700000012
EX_gtp_LPAREN_e_RPAREN_,0.0
EX_gua_LPAREN_e_RPAREN_,0.0
EX_h_LPAREN_e_RPAREN_,0.0
EX_h2o_LPAREN_e_RPAREN_,0.0134212452500002
EX_h2o2_LPAREN_e_RPAREN_,0.0
EX_ha_LPAREN_e_RPAREN_,0.0
EX_ha_pre1_LPAREN_e_RPAREN_,0.0
EX_HC00001_LPAREN_e_RPAREN_,0.0
EX_HC00002_LPAREN_e_RPAREN_,0.0
EX_HC00003_LPAREN_e_RPAREN_,0.0
EX_HC00004_LPAREN_e_RPAREN_,0.0
EX_HC00229_LPAREN_e_RPAREN_,0.0
EX_HC00250_LPAREN_e_RPAREN_,0.0
EX_HC00822_LPAREN_e_RPAREN_,0.0
EX_HC00955_LPAREN_e_RPAREN_,0.0
EX_HC01104_LPAREN_e_RPAREN_,0.0
EX_HC01361_LPAREN_e_RPAREN_,0.0
EX_HC01440_LPAREN_e_RPAREN_,0.0
EX_HC01441_LPAREN_e_RPAREN_,0.0
EX_HC01444_LPAREN_e_RPAREN_,0.0
EX_HC01446_LPAREN_e_RPAREN_,0.0
EX_HC01577_LPAREN_e_RPAREN_,0.0
EX_HC01609_LPAREN_e_RPAREN_,0.0
EX_HC01700_LPAREN_e_RPAREN_,0.0
EX_HC01787_LPAREN_e_RPAREN_,0.0
EX_HC01852_LPAREN_e_RPAREN_,0.0
EX_HC01939_LPAREN_e_RPAREN_,0.0
EX_HC01942_LPAREN_e_RPAREN_,0.0
EX_HC01943_LPAREN_e_RPAREN_,0.0
EX_HC01944_LPAREN_e_RPAREN_,0.0
EX_HC02172_LPAREN_e_RPAREN_,0.0
EX_HC02180_LPAREN_e_RPAREN_,0.0
EX_HC02187_LPAREN_e_RPAREN_,0.0
EX_HC02191_LPAREN_e_RPAREN_,0.0
EX_HC02192_LPAREN_e_RPAREN_,0.0
EX_HC02193_LPAREN_e_RPAREN_,0.0
EX_HC02197_LPAREN_e_RPAREN_,0.0
EX_HC02198_LPAREN_e_RPAREN_,0.0
EX_HC02199_LPAREN_e_RPAREN_,0.0
EX_HC02200_LPAREN_e_RPAREN_,0.0
EX_HC02201_LPAREN_e_RPAREN_,0.0
EX_HC02202_LPAREN_e_RPAREN_,0.0
EX_HC02203_LPAREN_e_RPAREN_,0.0
EX_HC02204_LPAREN_e_RPAREN_,0.0
EX_HC02205_LPAREN_e_RPAREN_,0.0
EX_HC02206_LPAREN_e_RPAREN_,0.0
EX_HC02207_LPAREN_e_RPAREN_,0.0
EX_HC02208_LPAREN_e_RPAREN_,0.0
EX_HC02210_LPAREN_e_RPAREN_,0.0
EX_HC02213_LPAREN_e_RPAREN_,0.0
EX_HC02214_LPAREN_e_RPAREN_,0.0
EX_HC02216_LPAREN_e_RPAREN_,0.0
EX_HC02217_LPAREN_e_RPAREN_,0.0
EX_HC02220_LPAREN_e_RPAREN_,0.0
EX_hco3_LPAREN_e_RPAREN_,0.076448426853333
EX_hcoumarin_LPAREN_e_RPAREN_,0.0
EX_hdca_LPAREN_e_RPAREN_,0.0
EX_hdcea_LPAREN_e_RPAREN_,0.0
EX_hestratriol_LPAREN_e_RPAREN_,0.0
EX_hexc_LPAREN_e_RPAREN_,0.0
EX_his_L_LPAREN_e_RPAREN_,-0.0013805031000000134
EX_hista_LPAREN_e_RPAREN_,0.0
EX_hom_L_LPAREN_e_RPAREN_,0.0
EX_hpdca_LPAREN_e_RPAREN_,0.0
EX_hspg_LPAREN_e_RPAREN_,0.0
EX_htaxol_LPAREN_e_RPAREN_,0.0
EX_hxan_LPAREN_e_RPAREN_,0.0
EX_i_LPAREN_e_RPAREN_,0.0
EX_idour_LPAREN_e_RPAREN_,0.0
EX_idp_LPAREN_e_RPAREN_,0.0
EX_ile_L_LPAREN_e_RPAREN_,-0.007843346950000002
EX_imp_LPAREN_e_RPAREN_,0.0
EX_inost_LPAREN_e_RPAREN_,-0.00023314999999999968
EX_ins_LPAREN_e_RPAREN_,0.0
EX_itp_LPAREN_e_RPAREN_,0.0
EX_ivcrn,0.0
EX_k_LPAREN_e_RPAREN_,0.0
EX_ksi_deg1_LPAREN_e_RPAREN_,0.0
EX_ksi_LPAREN_e_RPAREN_,0.0
EX_ksii_core2_LPAREN_e_RPAREN_,0.0
EX_ksii_core4_LPAREN_e_RPAREN_,0.0
EX_lac_D_LPAREN_e_RPAREN_,0.0
EX_lac_L_LPAREN_e_RPAREN_,0.00022614779666685
EX_lcts_LPAREN_e_RPAREN_,0.0
EX_Lcystin_LPAREN_e_RPAREN_,0.0
EX_leu_L_LPAREN_e_RPAREN_,-0.0065288351999999985
EX_leugly_LPAREN_e_RPAREN_,0.0
EX_leuktrA4_LPAREN_e_RPAREN_,0.0
EX_leuktrB4_LPAREN_e_RPAREN_,0.0
EX_leuktrC4_LPAREN_e_RPAREN_,0.0
EX_leuktrD4_LPAREN_e_RPAREN_,0.0
EX_leuktrE4_LPAREN_e_RPAREN_,0.0
EX_leuktrF4_LPAREN_e_RPAREN_,0.0
EX_leuleu_LPAREN_e_RPAREN_,0.0
EX_lgnc_LPAREN_e_RPAREN_,0.0
EX_limnen_LPAREN_e_RPAREN_,0.0
EX_lipoate_LPAREN_e_RPAREN_,0.0
EX_lneldc_LPAREN_e_RPAREN_,0.0
EX_lnlc_LPAREN_e_RPAREN_,0.0
EX_lnlnca_LPAREN_e_RPAREN_,0.0
EX_lnlncg_LPAREN_e_RPAREN_,0.0
EX_lpchol_hs_LPAREN_e_RPAREN_,0.0
EX_lys_L_LPAREN_e_RPAREN_,-0.008218087099999999
EX_mag_hs_LPAREN_e_RPAREN_,0.0
EX_mal_L_LPAREN_e_RPAREN_,0.0
EX_malt_LPAREN_e_RPAREN_,0.0
EX_malttr_LPAREN_e_RPAREN_,0.0
EX_man_LPAREN_e_RPAREN_,0.0
EX_meoh_LPAREN_e_RPAREN_,0.0
EX_mepi_LPAREN_e_RPAREN_,0.0
EX_mercplaccys_LPAREN_e_RPAREN_,0.0
EX_met_L_LPAREN_e_RPAREN_,-0.0015301799999999928
EX_mthgxl_LPAREN_e_RPAREN_,0.0
EX_n2m2nmasn_LPAREN_e_RPAREN_,0.0
EX_na1_LPAREN_e_RPAREN_,0.0
EX_nac_LPAREN_e_RPAREN_,0.0
EX_nad_LPAREN_e_RPAREN_,0.0
EX_nadp_LPAREN_e_RPAREN_,0.0
EX_ncam_LPAREN_e_RPAREN_,0.0
EX_nh4_LPAREN_e_RPAREN_,0.03278271350333321
EX_nifedipine_LPAREN_e_RPAREN_,0.0
EX_no_LPAREN_e_RPAREN_,0.0
EX_npthl_LPAREN_e_RPAREN_,0.0
EX_nrpphr_LPAREN_e_RPAREN_,0.0
EX_nrpphrsf_LPAREN_e_RPAREN_,0.0
EX_nrvnc_LPAREN_e_RPAREN_,0.0
EX_o2_LPAREN_e_RPAREN_,-0.06178776790500005
EX_o2s_LPAREN_e_RPAREN_,0.0
EX_oagd3_hs_LPAREN_e_RPAREN_,0.0
EX_oagt3_hs_LPAREN_e_RPAREN_,0.0
EX_ocdca_LPAREN_e_RPAREN_,0.0
EX_ocdcea_LPAREN_e_RPAREN_,0.0
EX_octa_LPAREN_e_RPAREN_,0.0
EX_oh1_LPAREN_e_RPAREN_,0.0
EX_omeprazole_LPAREN_e_RPAREN_,0.0
EX_onpthl_LPAREN_e_RPAREN_,0.0
EX_orn_LPAREN_e_RPAREN_,0.00034615160000000004
EX_orot_LPAREN_e_RPAREN_,0.0
EX_oxa_LPAREN_e_RPAREN_,0.0
EX_paf_hs_LPAREN_e_RPAREN_,0.0
EX_pchol_hs_LPAREN_e_RPAREN_,0.0
EX_pe_hs_LPAREN_e_RPAREN_,0.0
EX_peplys_LPAREN_e_RPAREN_,0.0
EX_perillyl_LPAREN_e_RPAREN_,0.0
EX_pglyc_hs_LPAREN_e_RPAREN_,0.0
EX_phe_L_LPAREN_e_RPAREN_,-0.0025946599999999986
EX_pheacgln_LPAREN_e_RPAREN_,0.0
EX_pheme_LPAREN_e_RPAREN_,0.0
EX_phyQ_LPAREN_e_RPAREN_,0.0
EX_phyt_LPAREN_e_RPAREN_,0.0
EX_pi_LPAREN_e_RPAREN_,-0.012414140000000183
EX_pnto_R_LPAREN_e_RPAREN_,0.0
EX_ppa_LPAREN_e_RPAREN_,0.0
EX_ppi_LPAREN_e_RPAREN_,0.0
EX_prgstrn_LPAREN_e_RPAREN_,0.0
EX_pro_D_LPAREN_e_RPAREN_,0.0
EX_pro_L_LPAREN_e_RPAREN_,-0.004124840000000005
EX_progly_LPAREN_e_RPAREN_,0.0
EX_prostgd2_LPAREN_e_RPAREN_,0.0
EX_prostge1_LPAREN_e_RPAREN_,0.0
EX_prostge2_LPAREN_e_RPAREN_,0.0
EX_prostgf2_LPAREN_e_RPAREN_,0.0
EX_prostgh2_LPAREN_e_RPAREN_,0.0
EX_prostgi2_LPAREN_e_RPAREN_,0.0
EX_prpp_LPAREN_e_RPAREN_,0.0
EX_ps_hs_LPAREN_e_RPAREN_,0.0
EX_ptdca_LPAREN_e_RPAREN_,0.0
EX_ptrc_LPAREN_e_RPAREN_,6.970080000000002e-05
EX_pydam_LPAREN_e_RPAREN_,0.0
EX_pydx_LPAREN_e_RPAREN_,0.0
EX_pydx5p_LPAREN_e_RPAREN_,0.0
EX_pydxn_LPAREN_e_RPAREN_,0.0
EX_pyr_LPAREN_e_RPAREN_,0.02431677373333342
EX_q10_LPAREN_e_RPAREN_,0.0
EX_q10h2_LPAREN_e_RPAREN_,0.0
EX_rbt_LPAREN_e_RPAREN_,0.0
EX_retfa_LPAREN_e_RPAREN_,0.0
EX_retinol_LPAREN_e_RPAREN_,0.0
EX_retn_LPAREN_e_RPAREN_,0.0
EX_retnglc_LPAREN_e_RPAREN_,0.0
EX_rib_D_LPAREN_e_RPAREN_,0.0
EX_ribflv_LPAREN_e_RPAREN_,0.0
EX_Rtotal_LPAREN_e_RPAREN_,0.0
EX_Rtotal2_LPAREN_e_RPAREN_,0.0
EX_Rtotal3_LPAREN_e_RPAREN_,0.0
EX_s2l2fn2m2masn_LPAREN_e_RPAREN_,0.0
EX_s2l2n2m2masn_LPAREN_e_RPAREN_,0.0
EX_sarcs_LPAREN_e_RPAREN_,0.0
EX_sbt_DASH_d_LPAREN_e_RPAREN_,0.0
EX_sel_LPAREN_e_RPAREN_,0.0
EX_ser_D_LPAREN_e_RPAREN_,0.0
EX_ser_L_LPAREN_e_RPAREN_,-0.007878433739999791
EX_sfcys_LPAREN_e_RPAREN_,0.0
EX_sl_L_LPAREN_e_RPAREN_,0.0
EX_so4_LPAREN_e_RPAREN_,4.038860000000054e-05
EX_spc_hs_LPAREN_e_RPAREN_,0.0
EX_sph1p_LPAREN_e_RPAREN_,0.0
EX_sphs1p_LPAREN_e_RPAREN_,0.0
EX_spmd_LPAREN_e_RPAREN_,0.0
EX_srtn_LPAREN_e_RPAREN_,0.0
EX_strch1_LPAREN_e_RPAREN_,0.0
EX_strch2_LPAREN_e_RPAREN_,0.0
EX_strdnc_LPAREN_e_RPAREN_,0.0
EX_succ_LPAREN_e_RPAREN_,0.0
EX_sucr_LPAREN_e_RPAREN_,0.0
EX_tag_hs_LPAREN_e_RPAREN_,0.0
EX_tagat_D_LPAREN_e_RPAREN_,0.0
EX_taur_LPAREN_e_RPAREN_,0.0
EX_taxol_LPAREN_e_RPAREN_,0.0
EX_tchola_LPAREN_e_RPAREN_,0.0
EX_tcynt_LPAREN_e_RPAREN_,0.0
EX_tdchola_LPAREN_e_RPAREN_,0.0
EX_tetdec2crn,0.0
EX_tetdece1crn,0.0
EX_tethex3_LPAREN_e_RPAREN_,0.0
EX_tetpent3_LPAREN_e_RPAREN_,0.0
EX_tetpent6_LPAREN_e_RPAREN_,0.0
EX_tettet6_LPAREN_e_RPAREN_,0.0
EX_thf_LPAREN_e_RPAREN_,0.0
EX_thm_LPAREN_e_RPAREN_,0.0
EX_thmmp_LPAREN_e_RPAREN_,0.0
EX_thmtp_LPAREN_e_RPAREN_,0.0
EX_thr_L_LPAREN_e_RPAREN_,-0.003126900000000002
EX_thym_LPAREN_e_RPAREN_,0.0
EX_thymd_LPAREN_e_RPAREN_,0.0
EX_thyox_L_LPAREN_e_RPAREN_,0.0
EX_tmndnc_LPAREN_e_RPAREN_,0.0
EX_tolbutamide_LPAREN_e_RPAREN_,0.0
EX_tre_LPAREN_e_RPAREN_,0.0
EX_triodthy_LPAREN_e_RPAREN_,0.0
EX_triodthysuf_LPAREN_e_RPAREN_,0.0
EX_trp_L_LPAREN_e_RPAREN_,-0.00013306000000000006
EX_tststerone_LPAREN_e_RPAREN_,0.0
EX_tststeroneglc_LPAREN_e_RPAREN_,0.0
EX_tststerones_LPAREN_e_RPAREN_,0.0
EX_tsul_LPAREN_e_RPAREN_,0.0
EX_ttdca_LPAREN_e_RPAREN_,0.0
EX_txa2_LPAREN_e_RPAREN_,0.0
EX_tymsf_LPAREN_e_RPAREN_,0.0
EX_Tyr_ggn_LPAREN_e_RPAREN_,0.0
EX_tyr_L_LPAREN_e_RPAREN_,-0.001842488650000031
EX_udp_LPAREN_e_RPAREN_,0.0
EX_udpg_LPAREN_e_RPAREN_,0.0
EX_ump_LPAREN_e_RPAREN_,0.0
EX_ura_LPAREN_e_RPAREN_,0.0
EX_urate_LPAREN_e_RPAREN_,0.0
EX_urea_LPAREN_e_RPAREN_,0.00034615160000000004
EX_uri_LPAREN_e_RPAREN_,0.0
EX_utp_LPAREN_e_RPAREN_,0.0
EX_vacc_LPAREN_e_RPAREN_,0.0
EX_val_L_LPAREN_e_RPAREN_,-0.004274099500000003
EX_vitd2_LPAREN_e_RPAREN_,0.0
EX_vitd3_LPAREN_e_RPAREN_,0.0
EX_whddca_LPAREN_e_RPAREN_,0.0
EX_whhdca_LPAREN_e_RPAREN_,0.0
EX_whttdca_LPAREN_e_RPAREN_,0.0
EX_xolest_hs_LPAREN_e_RPAREN_,0.0
EX_xolest2_hs_LPAREN_e_RPAREN_,0.0
EX_xoltri24_LPAREN_e_RPAREN_,0.0
EX_xoltri25_LPAREN_e_RPAREN_,0.0
EX_xoltri27_LPAREN_e_RPAREN_,0.0
EX_xyl_D_LPAREN_e_RPAREN_,0.0
EX_xylt_LPAREN_e_RPAREN_,0.0
sink_5hpet_LPAREN_c_RPAREN_,0.0
sink_c101coa_LPAREN_c_RPAREN_,0.0
sink_c81coa_LPAREN_c_RPAREN_,0.0
sink_citr_LPAREN_c_RPAREN_,0.0
sink_dd2coa_LPAREN_c_RPAREN_,0.0
sink_decdicoa_LPAREN_c_RPAREN_,0.0
sink_octdececoa_LPAREN_c_RPAREN_,0.0
sink_pre_prot_LPAREN_r_RPAREN_,0.0
sink_tetdec2coa_LPAREN_c_RPAREN_,0.0
sink_tetdece1coa_LPAREN_c_RPAREN_,0.0
DM_cdpchol_r,0.0
DM_inost_r,0.0
DM_lanost_x,0.0
DM_HC00005_r,0.0
DM_HC00009_r,0.0
DM_HC00004_r,0.0
DM_HC00006_r,0.0
DM_HC00007_r,0.0
DM_HC00008_r,0.0
DM_met_L_m,0.0
DM_cys_L_m,0.0
DM_thr_L_m,0.0
DM_trdrd_m,0.0
DM_cmp_r,0.0
DM_hdca_x,0.0
DM_HC02223_m,0.0
DM_HC02029_c,0.0
DM_HC02030_c,0.0
DM_HC02031_c,0.0
DM_HC02032_c,0.0
DM_HC02033_c,0.0
DM_HC02036_c,0.0
DM_gdp_m,0.0
EX_xoltriol,0.0
DM_thbpt_c,0.0
EX_HC00005_LPAREN_e_RPAREN_,0.0
EX_HC00009_LPAREN_e_RPAREN_,0.0
EHMN_R00335_c,0.0
EHMN_R00335_n,0.0
EX_hx_LPAREN_e_RPAREN_,0.0
AIRCr,0.0011282599999999912
PRASCS,0.0011282599999999912
C14STRr,0.0007797457999999999
EHMN_RE1254_c,0.0
r00268,0.0008952043
GeTPRA_R09087_c,0.0
GeTPRA_R02391_c,0.0
GeTPRA_R02352_c,5.29343e-05
GeTPRA_R07324_c,0.0
GeTPRA_R03103_c,0.0022969470999999993
GeTPRA_R03103_m,0.0
GeTPRA_R11231_c,0.0
GeTPRA_R00706_m,0.0
GeTPRA_R01375_c,0.0003353626
GeTPRA_R00941_m,0.00025382720000001035
GeTPRA_R02975_c,0.0
GeTPRA_R11232_c,0.0
GeTPRA_R00261_m,0.0
GeTPRA_R03222_m,0.0
GeTPRA_R01274_c,0.0
GeTPRA_R01668_c,0.0
GeTPRA_R01388_c,0.002810448006666473
GeTPRA_R00217_m,0.0
3HAO,0.0
AMCOXO,0.0
CYOOm3,0.054256941004999934
GNMT,2.49086e-05
HKYNH,0.0
PCLAD,0.0
SARCStm,2.49086e-05
SUCCt4_2,0.0
r0645,0.0
DM_atp_c_,0.0
